pair_id,from_id,to_id,distance_nm,sea_time_h
P01__P02,P01,P02,818.209544661003,58.443538904357354
P01__P03,P01,P03,1651.7158183296938,117.97970130926385
P01__P04,P01,P04,1552.8355462723566,110.91682473373976
P01__P05,P01,P05,681.6391086709435,48.68850776221025
P01__P06,P01,P06,786.6726607956404,56.19090434254574
P01__P07,P01,P07,342.2607075872253,24.44719339908752
P01__P08,P01,P08,728.9689854832286,52.06921324880204
P01__P09,P01,P09,1370.438095518662,97.88843539419015
P01__P10,P01,P10,1392.3984011719444,99.45702865513888
P01__P11,P01,P11,831.41635252644,59.386882323317145
P01__P12,P01,P12,759.9415457551295,54.28153898250925
P01__P13,P01,P13,663.0388548151584,47.35991820108274
P01__P14,P01,P14,481.4599059208255,34.38999328005897
P01__P15,P01,P15,1641.4303371267708,117.24502408048363
P01__P16,P01,P16,954.8048615142832,68.20034725102023
P01__P17,P01,P17,720.0255998343637,51.43039998816884
P01__P18,P01,P18,860.8883817773122,61.49202726980802
P01__P19,P01,P19,623.7373690744835,44.55266921960596
P01__P20,P01,P20,1267.9633545779452,90.5688110412818
P01__P21,P01,P21,82.19834963008967,5.871310687863548
P01__P22,P01,P22,1333.2583694681803,95.23274067629859
P01__P23,P01,P23,1415.034226871068,101.07387334793343
P01__P24,P01,P24,646.8105397521965,46.20075283944261
P01__P25,P01,P25,1759.8283978895404,125.70202842068146
P01__P26,P01,P26,90.5509014916793,6.46792153511995
P01__P27,P01,P27,1850.774172199293,132.19815515709234
P01__P28,P01,P28,1283.9447579380533,91.71033985271809
P01__P29,P01,P29,1542.6177469687102,110.18698192633644
P01__P30,P01,P30,1651.8591007410052,117.98993576721466
P01__P31,P01,P31,1593.8356335085682,113.84540239346916
P01__P32,P01,P32,882.7170879535598,63.05122056811142
P01__P33,P01,P33,728.9689854832286,52.06921324880204
P01__P34,P01,P34,1002.8594056218873,71.63281468727766
P01__P35,P01,P35,915.1089153436872,65.36492252454909
P01__P36,P01,P36,1596.4781586194433,114.0341541871031
P01__P37,P01,P37,1574.7958393226838,112.48541709447741
P01__P38,P01,P38,642.6801344094139,45.9057238863867
P01__P39,P01,P39,271.15925440102046,19.36851817150146
P01__P40,P01,P40,391.9237204962281,27.994551464016293
P02__P01,P02,P01,818.209544661003,58.443538904357354
P02__P03,P02,P03,1083.8331226624464,77.41665161874617
P02__P04,P02,P04,984.9528506051092,70.35377504322209
P02__P05,P02,P05,280.9996802717369,20.071405733695492
P02__P06,P02,P06,175.63907241420276,12.54564802958591
P02__P07,P02,P07,530.8721867892068,37.919441913514774
P02__P08,P02,P08,129.71163820007638,9.26511701429117
P02__P09,P02,P09,802.5553998514149,57.325385703672495
P02__P10,P02,P10,824.5157055046967,58.89397896462119
P02__P11,P02,P11,95.9101097788901,6.8507221270635785
P02__P12,P02,P12,112.41153740632558,8.029395529023256
P02__P13,P02,P13,221.84626180325444,15.846161557375316
P02__P14,P02,P14,373.3274895089875,26.666249250641965
P02__P15,P02,P15,1073.5476414595228,76.68197438996592
P02__P16,P02,P16,523.0205776710468,37.35861269078906
P02__P17,P02,P17,108.53942098475571,7.752815784625407
P02__P18,P02,P18,332.95637958213246,23.78259854158089
P02__P19,P02,P19,288.68868593060245,20.62062042361446
P02__P20,P02,P20,700.0806589106978,50.00576135076413
P02__P21,P02,P21,873.3332215133906,62.380944393813614
P02__P22,P02,P22,765.3756738009329,54.66969098578092
P02__P23,P02,P23,881.5971992842744,62.97122852030532
P02__P24,P02,P24,235.3974541668181,16.814103869058435
P02__P25,P02,P25,1255.4909043635737,89.67792174025526
P02__P26,P02,P26,881.6857733749802,62.977555241070014
P02__P27,P02,P27,1316.2830318471674,94.02021656051195
P02__P28,P02,P28,716.0620622708054,51.147290162200385
P02__P29,P02,P29,974.7350513014627,69.62393223581877
P02__P30,P02,P30,1083.9764050737579,77.42688607669699
P02__P31,P02,P31,1025.9529378413206,73.28235270295147
P02__P32,P02,P32,436.2289036594781,31.159207404248434
P02__P33,P02,P33,129.71163820007638,9.26511701429117
P02__P34,P02,P34,488.05210752590034,34.8608648232786
P02__P35,P02,P35,485.5651331960295,34.683223799716394
P02__P36,P02,P36,1028.595462952196,73.47110449658543
P02__P37,P02,P37,1006.9131436554364,71.92236740395974
P02__P38,P02,P38,184.45746972837782,13.175533552026987
P02__P39,P02,P39,584.4673123165932,41.74766516547094
P02__P40,P02,P40,528.8775036543097,37.77696454673641
P03__P01,P03,P01,1651.715818329694,117.97970130926386
P03__P02,P03,P02,1083.8331226624464,77.41665161874617
P03__P04,P03,P04,114.80310671474012,8.200221908195724
P03__P05,P03,P05,997.9246281542141,71.28033058244387
P03__P06,P03,P06,1238.2514666415668,88.4465333315405
P03__P07,P03,P07,1441.1242329257423,102.93744520898159
P03__P08,P03,P08,1192.3240324274404,85.16600231624575
P03__P09,P03,P09,325.4704713070245,23.24789080764461
P03__P10,P03,P10,722.5579100753191,51.61127929109422
P03__P11,P03,P11,1130.4719506790073,80.74799647707195
P03__P12,P03,P12,1153.3651297158774,82.3832235511341
P03__P13,P03,P13,1142.3060195667795,81.59328711191282
P03__P14,P03,P14,1345.3094196432094,96.09352997451495
P03__P15,P03,P15,971.5898460301449,69.39927471643892
P03__P16,P03,P16,771.4651967834027,55.10465691310019
P03__P17,P03,P17,1037.1141662045343,74.07958330032388
P03__P18,P03,P18,790.8274365523818,56.48767403945584
P03__P19,P03,P19,1302.8742643913056,93.06244745652182
P03__P20,P03,P20,608.692335206658,43.47802394333271
P03__P21,P03,P21,1699.532360418093,121.39516860129235
P03__P22,P03,P22,339.21811475182653,24.229865339416182
P03__P23,P03,P23,837.1316970579007,59.79512121842148
P03__P24,P03,P24,1249.583032627521,89.2559309019658
P03__P25,P03,P25,1223.2006253578952,87.37147323984966
P03__P26,P03,P26,1707.8849122796826,121.99177944854875
P03__P27,P03,P27,1235.951680172916,88.282262869494
P03__P28,P03,P28,406.41783275305977,29.029845196647127
P03__P29,P03,P29,146.90723381943457,10.493373844245326
P03__P30,P03,P30,15.569796773222004,1.112128340944429
P03__P31,P03,P31,63.68614204243198,4.549010145887999
P03__P32,P03,P32,839.8772580263583,59.99123271616845
P03__P33,P03,P33,1192.3240324274404,85.16600231624575
P03__P34,P03,P34,684.728683358077,48.90919166843407
P03__P35,P03,P35,852.2995470062343,60.87853907187388
P03__P36,P03,P36,926.6376675228184,66.18840482305846
P03__P37,P03,P37,160.26817867558836,11.447727048256311
P03__P38,P03,P38,1198.643048189081,85.61736058493435
P03__P39,P03,P39,1468.535878465626,104.89541989040185
P03__P40,P03,P40,1307.8291043734916,93.41636459810654
P04__P01,P04,P01,1552.8355462723569,110.91682473373977
P04__P02,P04,P02,984.952850605109,70.35377504322207
P04__P03,P04,P03,114.80310671474012,8.200221908195724
P04__P05,P04,P05,899.0443560968768,64.21745400691977
P04__P06,P04,P06,1139.3711945842297,81.3836567560164
P04__P07,P04,P07,1342.2439608684049,95.87456863345749
P04__P08,P04,P08,1093.4437603701033,78.10312574072167
P04__P09,P04,P09,219.88591812842097,15.706137009172926
P04__P10,P04,P10,623.6776380179816,44.54840271557011
P04__P11,P04,P11,1031.59167862167,73.68511990154786
P04__P12,P04,P12,1054.48485765854,75.32034697561001
P04__P13,P04,P13,1043.425747509442,74.53041053638871
P04__P14,P04,P14,1246.4291475858718,89.03065339899084
P04__P15,P04,P15,872.7095739728076,62.336398140914824
P04__P16,P04,P16,672.5849247260653,48.04178033757609
P04__P17,P04,P17,938.2338941471969,67.01670672479977
P04__P18,P04,P18,691.9471644950444,49.42479746393174
P04__P19,P04,P19,1203.993992333968,85.99957088099771
P04__P20,P04,P20,509.81206314932047,36.41514736780861
P04__P21,P04,P21,1600.652088360756,114.33229202576828
P04__P22,P04,P22,242.23642199792985,17.302601571280704
P04__P23,P04,P23,738.2514250005632,52.73224464289738
P04__P24,P04,P24,1150.7027605701835,82.19305432644168
P04__P25,P04,P25,1124.3203533005576,80.30859666432555
P04__P26,P04,P26,1609.0046402223454,114.92890287302467
P04__P27,P04,P27,1137.0714081155784,81.21938629396989
P04__P28,P04,P28,307.53756069572233,21.966968621123023
P04__P29,P04,P29,83.05392833913865,5.932423452795618
P04__P30,P04,P30,114.94638912605174,8.210456366146554
P04__P31,P04,P31,56.9229218936143,4.065922992401021
P04__P32,P04,P32,740.9969859690209,52.92835614064435
P04__P33,P04,P33,1093.4437603701033,78.10312574072167
P04__P34,P04,P34,585.8484113007396,41.84631509290997
P04__P35,P04,P35,753.4192749488969,53.81566249634978
P04__P36,P04,P36,827.7573954654808,59.12552824753435
P04__P37,P04,P37,45.46507196084823,3.247505140060588
P04__P38,P04,P38,1099.7627761317433,78.55448400941023
P04__P39,P04,P39,1369.6556064082883,97.83254331487774
P04__P40,P04,P40,1208.9488323161545,86.35348802258247
P05__P01,P05,P01,681.6391086709438,48.68850776221027
P05__P02,P05,P02,280.99968027173696,20.071405733695496
P05__P03,P05,P03,997.9246281542146,71.2803305824439
P05__P04,P05,P04,899.0443560968772,64.2174540069198
P05__P06,P05,P06,415.4403124482633,29.674308032018807
P05__P07,P05,P07,459.95698907397605,32.854070648141146
P05__P08,P05,P08,364.0073685473317,26.000526324809407
P05__P09,P05,P09,716.6469053431828,51.1890646673702
P05__P10,P05,P10,738.6072109964643,52.757657928318885
P05__P11,P05,P11,350.5532056671301,25.039514690509293
P05__P12,P05,P12,319.1324345474825,22.79517389624875
P05__P13,P05,P13,164.8210198348428,11.772929988203057
P05__P14,P05,P14,379.8027358070368,27.128766843359774
P05__P15,P05,P15,987.6391469512902,70.54565335366358
P05__P16,P05,P16,342.52702618145446,24.466216155818177
P05__P17,P05,P17,202.88147103613943,14.491533645438532
P05__P18,P05,P18,207.09719160183246,14.792656542988032
P05__P19,P05,P19,413.79139662917146,29.556528330655105
P05__P20,P05,P20,614.1721644024655,43.86944031446182
P05__P21,P05,P21,729.4556507593431,52.103975054238795
P05__P22,P05,P22,679.4671792927008,48.53336994947863
P05__P23,P05,P23,795.6887047760422,56.83490748400301
P05__P24,P05,P24,372.1534510144971,26.582389358178364
P05__P25,P05,P25,1147.5505625567114,81.96789732547938
P05__P26,P05,P26,737.8082026209327,52.70058590149519
P05__P27,P05,P27,1230.3745373389352,87.88389552420965
P05__P28,P05,P28,630.1535677625733,45.01096912589809
P05__P29,P05,P29,888.8265567932307,63.48761119951648
P05__P30,P05,P30,998.0679105655262,71.29056504039472
P05__P31,P05,P31,940.0444433330887,67.1460316666492
P05__P32,P05,P32,260.2055017959514,18.586107271139387
P05__P33,P05,P33,364.0073685473317,26.000526324809407
P05__P34,P05,P34,385.5684281240175,27.540602008858393
P05__P35,P05,P35,302.8310800108586,21.630791429347045
P05__P36,P05,P36,942.6869684439637,67.33478346028312
P05__P37,P05,P37,921.0046491472044,65.78604636765746
P05__P38,P05,P38,346.78894773321304,24.77063912380093
P05__P39,P05,P39,487.3686346138592,34.81204532956137
P05__P40,P05,P40,344.13741888215475,24.581244205868195
P06__P01,P06,P01,786.6726607956404,56.19090434254574
P06__P02,P06,P02,175.63907241420276,12.54564802958591
P06__P03,P06,P03,1238.2514666415673,88.44653333154052
P06__P04,P06,P04,1139.37119458423,81.38365675601642
P06__P05,P06,P05,415.44031244826334,29.67430803201881
P06__P07,P06,P07,494.8258918374634,35.34470655981882
P06__P08,P06,P08,75.76584530941429,5.411846093529592
P06__P09,P06,P09,956.9737438305356,68.35526741646683
P06__P10,P06,P10,978.9340494838171,69.9238606774155
P06__P11,P06,P11,148.1947310377021,10.585337931264435
P06__P12,P06,P12,157.0284537804731,11.216318127176649
P06__P13,P06,P13,257.95796622895017,18.425569016353585
P06__P14,P06,P14,337.28119455724425,24.09151389694602
P06__P15,P06,P15,1227.9659854386434,87.71185610276025
P06__P16,P06,P16,674.0906138430455,48.14932956021754
P06__P17,P06,P17,230.8753093268515,16.491093523346535
P06__P18,P06,P18,489.5337217621517,34.96669441158226
P06__P19,P06,P19,248.2237425884511,17.730267327746507
P06__P20,P06,P20,854.4990028898183,61.035643063558446
P06__P21,P06,P21,841.796337648028,60.128309832002
P06__P22,P06,P22,919.7940177800535,65.69957269857525
P06__P23,P06,P23,1036.015543263395,74.00111023309965
P06__P24,P06,P24,194.93251082466676,13.923750773190482
P06__P25,P06,P25,1409.909248342694,100.70780345304956
P06__P26,P06,P26,850.1488895096176,60.724920679258396
P06__P27,P06,P27,1470.7013758262879,105.05009827330628
P06__P28,P06,P28,870.4804062499261,62.17717187499472
P06__P29,P06,P29,1129.1533952805837,80.65381394861312
P06__P30,P06,P30,1238.3947490528788,88.45676778949134
P06__P31,P06,P31,1180.3712818204415,84.31223441574582
P06__P32,P06,P32,587.2989398314769,41.94992427367692
P06__P33,P06,P33,75.76584530941429,5.411846093529592
P06__P34,P06,P34,642.470451505021,45.890746536072925
P06__P35,P06,P35,636.6351693680282,45.47394066914487
P06__P36,P06,P36,1183.0138069313161,84.50098620937972
P06__P37,P06,P37,1161.331487634557,82.95224911675407
P06__P38,P06,P38,143.99252638622647,10.285180456159035
P06__P39,P06,P39,552.9304284512306,39.49503060365932
P06__P40,P06,P40,527.141583070374,37.65297021931243
P07__P01,P07,P01,342.2607075872253,24.44719339908752
P07__P02,P07,P02,530.8721867892067,37.91944191351477
P07__P03,P07,P03,1441.1242329257425,102.9374452089816
P07__P04,P07,P04,1342.243960868405,95.87456863345751
P07__P05,P07,P05,459.956989073976,32.85407064814114
P07__P06,P07,P06,494.8258918374635,35.34470655981882
P07__P08,P07,P08,437.1222165250518,31.22301546607513
P07__P09,P07,P09,1159.8465101147108,82.84617929390791
P07__P10,P07,P10,1181.8068157679927,84.41477255485663
P07__P11,P07,P11,539.5695835682632,38.54068454059023
P07__P12,P07,P12,472.6041878833332,33.75744199166666
P07__P13,P07,P13,421.4903684710448,30.106454890788914
P07__P14,P07,P14,168.89355808330183,12.063825577378703
P07__P15,P07,P15,1430.838751722819,102.20276798020136
P07__P16,P07,P16,753.7450367018814,53.83893119299153
P07__P17,P07,P17,463.78293329163,33.12735237797357
P07__P18,P07,P18,650.2967963733606,46.44977116952576
P07__P19,P07,P19,314.84405991623123,22.488861422587945
P07__P20,P07,P20,1057.3717691739935,75.52655494099953
P07__P21,P07,P21,397.3843844396129,28.38459888854378
P07__P22,P07,P22,1122.6667840642288,80.19048457601635
P07__P23,P07,P23,1213.9744020586663,86.71245728990473
P07__P24,P07,P24,347.93116459254986,24.85222604232499
P07__P25,P07,P25,1558.7685730771384,111.34061236265275
P07__P26,P07,P26,405.73693630120255,28.98120973580018
P07__P27,P07,P27,1649.714347386891,117.83673909906364
P07__P28,P07,P28,1073.3531725341015,76.66808375243582
P07__P29,P07,P29,1332.0261615647587,95.1447258260542
P07__P30,P07,P30,1441.267515337054,102.94767966693243
P07__P31,P07,P31,1383.2440481046167,98.80314629318691
P07__P32,P07,P32,679.8265556487991,48.559039689199935
P07__P33,P07,P33,437.1222165250518,31.22301546607513
P07__P34,P07,P34,801.7995808094856,57.27139862924897
P07__P35,P07,P35,714.0490905312855,51.00350646652039
P07__P36,P07,P36,1385.8865732154916,98.99189808682083
P07__P37,P07,P37,1364.2042539187323,97.44316099419517
P07__P38,P07,P38,350.83336545123694,25.05952610365978
P07__P39,P07,P39,107.61793799329392,7.686995570949565
P07__P40,P07,P40,234.96278139663917,16.783055814045657
P08__P01,P08,P01,728.9689854832287,52.06921324880205
P08__P02,P08,P02,129.71163820007635,9.265117014291167
P08__P03,P08,P03,1192.3240324274407,85.16600231624577
P08__P04,P08,P04,1093.4437603701033,78.10312574072167
P08__P05,P08,P05,364.0073685473316,26.000526324809403
P08__P06,P08,P06,75.76584530941429,5.411846093529592
P08__P07,P08,P07,437.1222165250518,31.22301546607513
P08__P09,P08,P09,911.0463096164092,65.07473640117209
P08__P10,P08,P10,933.0066152696908,66.64332966212076
P08__P11,P08,P11,120.50953704021407,8.607824074301005
P08__P12,P08,P12,105.59550987954145,7.542536419967247
P08__P13,P08,P13,206.5250223280185,14.751787309144179
P08__P14,P08,P14,279.57751924483256,19.969822803202327
P08__P15,P08,P15,1182.0385512245168,84.43132508746548
P08__P16,P08,P16,622.6576699421139,44.47554785300814
P08__P17,P08,P17,179.44236542591983,12.817311816137131
P08__P18,P08,P18,441.95085950887926,31.567918536348518
P08__P19,P08,P19,190.5200672760394,13.608576234002815
P08__P20,P08,P20,808.5715686756919,57.755112048263705
P08__P21,P08,P21,784.0926623356164,56.00661873825832
P08__P22,P08,P22,873.8665835659272,62.41904168328051
P08__P23,P08,P23,990.0881090492686,70.7205792178049
P08__P24,P08,P24,137.2288355122551,9.802059679446794
P08__P25,P08,P25,1363.9818141285677,97.42727243775484
P08__P26,P08,P26,792.4452141972059,56.60322958551471
P08__P27,P08,P27,1424.7739416121617,101.76956725801155
P08__P28,P08,P28,824.5529720357997,58.89664085969998
P08__P29,P08,P29,1083.225961066457,77.37328293331836
P08__P30,P08,P30,1192.4673148387521,85.17623677419658
P08__P31,P08,P31,1134.4438476063149,81.03170340045106
P08__P32,P08,P32,535.8659959305452,38.27614256646751
P08__P33,P08,P33,0.0,0.0
P08__P34,P08,P34,596.5430172908946,42.61021552077818
P08__P35,P08,P35,585.2022254670966,41.80015896193547
P08__P36,P08,P36,1137.0863727171898,81.22045519408498
P08__P37,P08,P37,1115.4040534204305,79.67171810145932
P08__P38,P08,P38,86.2888510738148,6.163489362415342
P08__P39,P08,P39,495.2267531388191,35.37333950991565
P08__P40,P08,P40,475.70863916944245,33.97918851210303
P09__P01,P09,P01,1370.4380955186627,97.8884353941902
P09__P02,P09,P02,802.5553998514149,57.325385703672495
P09__P03,P09,P03,325.4704713070245,23.24789080764461
P09__P04,P09,P04,219.88591812842097,15.706137009172926
P09__P05,P09,P05,716.6469053431827,51.18906466737019
P09__P06,P09,P06,956.9737438305357,68.35526741646683
P09__P07,P09,P07,1159.8465101147108,82.84617929390791
P09__P08,P09,P08,911.0463096164093,65.07473640117209
P09__P10,P09,P10,441.28018726428763,31.520013376020547
P09__P11,P09,P11,849.1942278679759,60.65673056199828
P09__P12,P09,P12,872.0874069048459,62.291957636060424
P09__P13,P09,P13,861.0282967557481,61.50202119683915
P09__P14,P09,P14,1064.0316968321779,76.00226405944127
P09__P15,P09,P15,690.3121232191135,49.30800880136525
P09__P16,P09,P16,490.1874739723711,35.01339099802651
P09__P17,P09,P17,755.8364433935029,53.988317385250205
P09__P18,P09,P18,509.5497137413503,36.39640812438216
P09__P19,P09,P19,1021.5965415802739,72.97118154144813
P09__P20,P09,P20,327.41461239562625,23.386758028259017
P09__P21,P09,P21,1418.2546376070618,101.3039026862187
P09__P22,P09,P22,102.17694147116686,7.298352962226204
P09__P23,P09,P23,555.853974246869,39.70385530334779
P09__P24,P09,P24,968.3053098164896,69.16466498689212
P09__P25,P09,P25,941.9229025468632,67.28020732477594
P09__P26,P09,P26,1426.6071894686513,101.90051353347509
P09__P27,P09,P27,954.673957361884,68.19099695442029
P09__P28,P09,P28,109.24111646884742,7.802936890631959
P09__P29,P09,P29,231.45901453581234,16.532786752558025
P09__P30,P09,P30,325.61375371833617,23.258125265595442
P09__P31,P09,P31,267.59028648589873,19.11359189184991
P09__P32,P09,P32,558.5995352153267,39.89996680109476
P09__P33,P09,P33,911.0463096164093,65.07473640117209
P09__P34,P09,P34,403.4509605470453,28.81792575336038
P09__P35,P09,P35,571.0218241952027,40.7872731568002
P09__P36,P09,P36,645.3599447117869,46.09713890798478
P09__P37,P09,P37,241.84621117874815,17.27472936991058
P09__P38,P09,P38,917.3653253780493,65.52609466986067
P09__P39,P09,P39,1187.2581556545942,84.80415397532816
P09__P40,P09,P40,1026.5513815624604,73.32509868303289
P10__P01,P10,P01,1392.3984011719447,99.4570286551389
P10__P02,P10,P02,824.5157055046968,58.893978964621205
P10__P03,P10,P03,722.5579100753195,51.61127929109425
P10__P04,P10,P04,623.6776380179821,44.54840271557015
P10__P05,P10,P05,738.6072109964645,52.75765792831889
P10__P06,P10,P06,978.9340494838175,69.92386067741553
P10__P07,P10,P07,1181.8068157679925,84.41477255485661
P10__P08,P10,P08,933.0066152696911,66.64332966212079
P10__P09,P10,P09,441.28018726428775,31.520013376020554
P10__P11,P10,P11,871.1545335212577,62.225323822946976
P10__P12,P10,P12,894.0477125581276,63.86055089700911
P10__P13,P10,P13,882.9886024090298,63.07061445778784
P10__P14,P10,P14,1085.9920024854596,77.57085732038998
P10__P15,P10,P15,255.64527878231416,18.260377055879584
P10__P16,P10,P16,508.61786105273194,36.32984721805228
P10__P17,P10,P17,777.7967490467846,55.5569106461989
P10__P18,P10,P18,531.5100193946321,37.965001385330865
P10__P19,P10,P19,1043.5568472335556,74.53977480239682
P10__P20,P10,P20,137.59079441076267,9.827913886483048
P10__P21,P10,P21,1440.2149432603437,102.87249594716741
P10__P22,P10,P22,404.10046121380566,28.864318658128976
P10__P23,P10,P23,147.15194482394108,10.510853201710077
P10__P24,P10,P24,990.2656154697713,70.73325824784081
P10__P25,P10,P25,515.4358429887835,36.81684592777025
P10__P26,P10,P26,1448.5674951219332,103.46910679442381
P10__P27,P10,P27,520.0071129250849,37.14336520893464
P10__P28,P10,P28,351.315332438303,25.093952317021643
P10__P29,P10,P29,613.4598387143355,43.818559908166826
P10__P30,P10,P30,722.701192486631,51.62151374904507
P10__P31,P10,P31,664.6777252541935,47.47698037529954
P10__P32,P10,P32,577.0299222956876,41.21642302112054
P10__P33,P10,P33,933.0066152696911,66.64332966212079
P10__P34,P10,P34,422.2509162787722,30.160779734198012
P10__P35,P10,P35,589.4522112755636,42.103729376825974
P10__P36,P10,P36,210.69310027498761,15.049507162499115
P10__P37,P10,P37,645.6379310683093,46.11699507630781
P10__P38,P10,P38,939.325631031331,67.09468793080936
P10__P39,P10,P39,1209.2184613078762,86.37274723627687
P10__P40,P10,P40,1048.511687215742,74.89369194398158
P11__P01,P11,P01,831.4163525264402,59.38688232331715
P11__P02,P11,P02,95.9101097788901,6.8507221270635785
P11__P03,P11,P03,1130.4719506790075,80.74799647707196
P11__P04,P11,P04,1031.59167862167,73.68511990154786
P11__P05,P11,P05,350.55320566713016,25.039514690509296
P11__P06,P11,P06,148.1947310377021,10.585337931264435
P11__P07,P11,P07,539.5695835682633,38.540684540590235
P11__P08,P11,P08,120.50953704021407,8.607824074301005
P11__P09,P11,P09,849.1942278679758,60.656730561998266
P11__P10,P11,P10,871.1545335212573,62.225323822946955
P11__P12,P11,P12,138.51641832082748,9.894029880059106
P11__P13,P11,P13,280.8124905563679,20.058035039740563
P11__P14,P11,P14,382.02488628804406,27.287491877717432
P11__P15,P11,P15,1120.1864694760834,80.01331924829167
P11__P16,P11,P16,592.5741030664401,42.32672164760287
P11__P17,P11,P17,178.09294638014887,12.720924741439205
P11__P18,P11,P18,390.28976066781576,27.877840047701124
P11__P19,P11,P19,292.9674343192509,20.926245308517924
P11__P20,P11,P20,746.7194869272585,53.33710620908989
P11__P21,P11,P21,886.5400293788279,63.32428781277342
P11__P22,P11,P22,812.0145018174937,58.001035844106696
P11__P23,P11,P23,928.2360273008352,66.30257337863108
P11__P24,P11,P24,239.67620255546657,17.119728753961898
P11__P25,P11,P25,1302.1297323801343,93.00926659858102
P11__P26,P11,P26,894.8925812404174,63.92089866002981
P11__P27,P11,P27,1362.9218598637283,97.35156141883773
P11__P28,P11,P28,762.7008902873663,54.47863502052616
P11__P29,P11,P29,1021.3738793180236,72.95527709414453
P11__P30,P11,P30,1130.615233090319,80.75823093502278
P11__P31,P11,P31,1072.5917658578817,76.61369756127726
P11__P32,P11,P32,505.7824290548713,36.127316361062235
P11__P33,P11,P33,120.50953704021407,8.607824074301005
P11__P34,P11,P34,534.690935542461,38.19220968160436
P11__P35,P11,P35,555.1186585914227,39.65133275653019
P11__P36,P11,P36,1075.2342909687563,76.80244935491116
P11__P37,P11,P37,1053.5519716719973,75.25371226228552
P11__P38,P11,P38,188.73621811702628,13.481158436930448
P11__P39,P11,P39,597.6741201820304,42.69100858443074
P11__P40,P11,P40,549.9961073977918,39.28543624269941
P12__P01,P12,P01,759.9415457551296,54.281538982509254
P12__P02,P12,P02,112.41153740632555,8.029395529023253
P12__P03,P12,P03,1153.3651297158772,82.38322355113408
P12__P04,P12,P04,1054.48485765854,75.32034697561001
P12__P05,P12,P05,319.13243454748243,22.795173896248745
P12__P06,P12,P06,157.0284537804731,11.216318127176649
P12__P07,P12,P07,472.6041878833333,33.75744199166666
P12__P08,P12,P08,105.59550987954147,7.542536419967248
P12__P09,P12,P09,872.0874069048457,62.29195763606041
P12__P10,P12,P10,894.0477125581273,63.86055089700909
P12__P11,P12,P11,138.51641832082746,9.894029880059104
P12__P13,P12,P13,193.80617866410773,13.843298476007694
P12__P14,P12,P14,315.05949060311406,22.50424932879386
P12__P15,P12,P15,1143.0796485129533,81.64854632235381
P12__P16,P12,P16,575.8900062802074,41.13500044858625
P12__P17,P12,P17,132.67470176401335,9.476764411715239
P12__P18,P12,P18,395.1831958469727,28.22737113192662
P12__P19,P12,P19,233.30536443810507,16.664668888436076
P12__P20,P12,P20,769.6126659641284,54.972333283152025
P12__P21,P12,P21,815.0652226075173,58.21894447196552
P12__P22,P12,P22,834.9076808543637,59.63626291816883
P12__P23,P12,P23,951.1292063377051,67.93780045269322
P12__P24,P12,P24,180.01413267432073,12.858152333880053
P12__P25,P12,P25,1325.0229114170043,94.64449367264316
P12__P26,P12,P26,823.4177744691068,58.815555319221914
P12__P27,P12,P27,1385.8150389005982,98.98678849289988
P12__P28,P12,P28,785.5940693242362,56.1138620945883
P12__P29,P12,P29,1044.2670583548936,74.59050416820669
P12__P30,P12,P30,1153.5084121271886,82.39345800908491
P12__P31,P12,P31,1095.4849448947516,78.2489246353394
P12__P32,P12,P32,489.09833226863867,34.93559516204562
P12__P33,P12,P33,105.59550987954147,7.542536419967248
P12__P34,P12,P34,557.584114579331,39.8274367556665
P12__P35,P12,P35,538.4345618051901,38.45961155751358
P12__P36,P12,P36,1098.1274700056263,78.4376764289733
P12__P37,P12,P37,1076.4451507088672,76.88893933634766
P12__P38,P12,P38,129.07414823588044,9.219582016848603
P12__P39,P12,P39,526.1993134107199,37.58566524362285
P12__P40,P12,P40,468.81754102601855,33.48696721614418
P13__P01,P13,P01,663.0388548151583,47.359918201082735
P13__P02,P13,P02,221.84626180325446,15.84616155737532
P13__P03,P13,P03,1142.3060195667795,81.59328711191282
P13__P04,P13,P04,1043.425747509442,74.53041053638871
P13__P05,P13,P05,164.8210198348428,11.772929988203057
P13__P06,P13,P06,257.9579662289501,18.42556901635358
P13__P07,P13,P07,421.49036847104486,30.106454890788918
P13__P08,P13,P08,206.5250223280185,14.751787309144179
P13__P09,P13,P09,861.0282967557478,61.502021196839124
P13__P10,P13,P10,882.9886024090295,63.07061445778782
P13__P11,P13,P11,280.8124905563679,20.058035039740563
P13__P12,P13,P12,193.8061786641077,13.843298476007693
P13__P14,P13,P14,301.9780427332534,21.569860195232387
P13__P15,P13,P15,1132.0205383638554,80.85860988313253
P13__P16,P13,P16,463.96978346086127,33.14069881863295
P13__P17,P13,P17,121.61559161491549,8.686827972493964
P13__P18,P13,P18,355.1608271342276,25.368630509587685
P13__P19,P13,P19,292.8524589303706,20.918032780740756
P13__P20,P13,P20,758.5535558150306,54.18239684393075
P13__P21,P13,P21,718.162531667546,51.297323690538995
P13__P22,P13,P22,823.8485707052657,58.84632647894755
P13__P23,P13,P23,922.2283339869125,65.87345242763661
P13__P24,P13,P24,243.54158135268452,17.395827239477466
P13__P25,P13,P25,1268.9933198361184,90.64237998829417
P13__P26,P13,P26,726.5150835291355,51.893934537795396
P13__P27,P13,P27,1357.9682793151374,96.99773423679552
P13__P28,P13,P28,774.5349591751383,55.32392565536702
P13__P29,P13,P29,1033.2079482057954,73.80056772898538
P13__P30,P13,P30,1142.449301978091,81.60352156986364
P13__P31,P13,P31,1084.4258347456537,77.45898819611811
P13__P32,P13,P32,384.69058640966574,27.477899029261838
P13__P33,P13,P33,206.5250223280185,14.751787309144179
P13__P34,P13,P34,510.0535127377318,36.432393766980844
P13__P35,P13,P35,424.27383729026536,30.305274092161813
P13__P36,P13,P36,1087.0683598565286,77.64773998975204
P13__P37,P13,P37,1065.3860405597693,76.09900289712638
P13__P38,P13,P38,192.60159691424423,13.757256922446016
P13__P39,P13,P39,451.313965010177,32.23671178644121
P13__P40,P13,P40,371.6600884467656,26.547149174768972
P14__P01,P14,P01,481.45990592082546,34.38999328005896
P14__P02,P14,P02,373.3274895089875,26.666249250641965
P14__P03,P14,P03,1345.309419643209,96.09352997451492
P14__P04,P14,P04,1246.4291475858715,89.03065339899082
P14__P05,P14,P05,379.80273580703687,27.128766843359777
P14__P06,P14,P06,337.28119455724436,24.091513896946026
P14__P07,P14,P07,168.8935580833018,12.063825577378699
P14__P08,P14,P08,279.5775192448327,19.969822803202334
P14__P09,P14,P09,1064.0316968321774,76.00226405944125
P14__P10,P14,P10,1085.9920024854591,77.57085732038993
P14__P11,P14,P11,382.0248862880442,27.28749187771744
P14__P12,P14,P12,315.059490603114,22.504249328793858
P14__P13,P14,P13,301.9780427332534,21.569860195232387
P14__P15,P14,P15,1335.0239384402855,95.35885274573468
P14__P16,P14,P16,678.9514994330552,48.49653567378966
P14__P17,P14,P17,324.6189916913452,23.187070835096083
P14__P18,P14,P18,570.1425431064215,40.72446736474439
P14__P19,P14,P19,157.29936263601198,11.235668759715141
P14__P20,P14,P20,961.55695589146,68.68263970653285
P14__P21,P14,P21,536.5835827732132,38.32739876951523
P14__P22,P14,P22,1026.8519707816952,73.34656934154965
P14__P23,P14,P23,1137.2100499591068,81.22928928279335
P14__P24,P14,P24,190.3864673123306,13.599033379452186
P14__P25,P14,P25,1483.9750358083122,105.99821684345088
P14__P26,P14,P26,544.9361346348027,38.92400961677162
P14__P27,P14,P27,1572.9499952873316,112.35357109195226
P14__P28,P14,P28,977.5383592515677,69.82416851796913
P14__P29,P14,P29,1236.2113482822251,88.3008105915875
P14__P30,P14,P30,1345.4527020545204,96.10376443246574
P14__P31,P14,P31,1287.4292348220831,91.95923105872022
P14__P32,P14,P32,599.6723023818599,42.833735884418566
P14__P33,P14,P33,279.5775192448327,19.969822803202334
P14__P34,P14,P34,725.035228709926,51.78823062213757
P14__P35,P14,P35,639.2555532624594,45.661110947318534
P14__P36,P14,P36,1290.071759932958,92.14798285235415
P14__P37,P14,P37,1268.3894406361987,90.59924575972848
P14__P38,P14,P38,193.28866817101783,13.806333440786988
P14__P39,P14,P39,247.71767357641582,17.694119541172558
P14__P40,P14,P40,281.85979105347434,20.13284221810531
P15__P01,P15,P01,1641.43033712677,117.24502408048356
P15__P02,P15,P02,1073.547641459522,76.68197438996586
P15__P03,P15,P03,971.5898460301453,69.39927471643895
P15__P04,P15,P04,872.7095739728079,62.33639814091485
P15__P05,P15,P05,987.6391469512901,70.54565335366358
P15__P06,P15,P06,1227.965985438643,87.71185610276021
P15__P07,P15,P07,1430.8387517228182,102.2027679802013
P15__P08,P15,P08,1182.0385512245166,84.43132508746547
P15__P09,P15,P09,690.3121232191135,49.30800880136525
P15__P10,P15,P10,255.64527878231416,18.260377055879584
P15__P11,P15,P11,1120.1864694760832,80.01331924829165
P15__P12,P15,P12,1143.0796485129533,81.64854632235381
P15__P13,P15,P13,1132.0205383638554,80.85860988313253
P15__P14,P15,P14,1335.0239384402853,95.35885274573467
P15__P16,P15,P16,731.8951410413451,52.27822436009608
P15__P17,P15,P17,1026.8286850016102,73.34490607154359
P15__P18,P15,P18,780.5419553494577,55.75299681067555
P15__P19,P15,P19,1292.5887831883815,92.32777022774154
P15__P20,P15,P20,386.62273036558855,27.615909311827753
P15__P21,P15,P21,1689.246879215169,120.66049137251207
P15__P22,P15,P22,653.1323971686315,46.652314083473684
P15__P23,P15,P23,347.1070047237898,24.793357480270704
P15__P24,P15,P24,1239.297551424597,88.5212536731855
P15__P25,P15,P25,679.3879402853213,48.52771002038009
P15__P26,P15,P26,1697.5994310767585,121.25710221976847
P15__P27,P15,P27,661.7302714241139,47.26644795886528
P15__P28,P15,P28,600.347268393129,42.88194774236636
P15__P29,P15,P29,862.4917746691614,61.60655533351153
P15__P30,P15,P30,971.7331284414569,69.40950917438978
P15__P31,P15,P31,913.7096612090194,65.26497580064424
P15__P32,P15,P32,808.9485974723289,57.78204267659492
P15__P33,P15,P33,1182.0385512245166,84.43132508746547
P15__P34,P15,P34,671.2828522335981,47.94877515954272
P15__P35,P15,P35,812.7294912641769,58.05210651886978
P15__P36,P15,P36,256.7553651669374,18.339668940495528
P15__P37,P15,P37,894.6698670231351,63.904990501652506
P15__P38,P15,P38,1188.3575669861568,84.88268335615406
P15__P39,P15,P39,1458.2503972627019,104.16074266162157
P15__P40,P15,P40,1297.5436231705676,92.68168736932626
P16__P01,P16,P01,954.8048615142832,68.20034725102023
P16__P02,P16,P02,523.0205776710468,37.35861269078906
P16__P03,P16,P03,771.4651967834027,55.10465691310019
P16__P04,P16,P04,672.5849247260653,48.04178033757609
P16__P05,P16,P05,342.5270261814545,24.46621615581818
P16__P06,P16,P06,674.0906138430457,48.14932956021755
P16__P07,P16,P07,753.7450367018816,53.838931192991545
P16__P08,P16,P08,622.6576699421141,44.47554785300815
P16__P09,P16,P09,490.18747397237115,35.01339099802651
P16__P10,P16,P10,508.61786105273194,36.32984721805228
P16__P11,P16,P11,592.5741030664399,42.326721647602845
P16__P12,P16,P12,575.8900062802076,41.135000448586254
P16__P13,P16,P13,463.9697834608614,33.140698818632956
P16__P14,P16,P14,678.9514994330555,48.49653567378967
P16__P15,P16,P15,731.895141041345,52.278224360096075
P16__P17,P16,P17,459.63904276886444,32.83136019777603
P16__P18,P16,P18,260.10530141172836,18.57895010083774
P16__P19,P16,P19,712.9401602551901,50.92429716108501
P16__P20,P16,P20,384.18281445873276,27.441629604195196
P16__P21,P16,P21,1002.6214036026826,71.61581454304876
P16__P22,P16,P22,453.007747921889,32.35769628013493
P16__P23,P16,P23,491.0744895055442,35.07674925039601
P16__P24,P16,P24,671.3022146405158,47.95015818860827
P16__P25,P16,P25,827.7929106876735,59.128065049119535
P16__P26,P16,P26,1010.9739554642721,72.21242539030514
P16__P27,P16,P27,926.8144348337689,66.20103105955492
P16__P28,P16,P28,403.6941363917617,28.835295456554405
P16__P29,P16,P29,662.3671254224189,47.31193753017278
P16__P30,P16,P30,771.6084791947143,55.11489137105102
P16__P31,P16,P31,713.5850119622768,50.970357997305484
P16__P32,P16,P32,140.18748400749806,10.01339171482129
P16__P33,P16,P33,622.6576699421141,44.47554785300815
P16__P34,P16,P34,89.62641919009923,6.401887085007088
P16__P35,P16,P35,100.88014176733716,7.205724411952654
P16__P36,P16,P36,684.9344754646802,48.92389110462001
P16__P37,P16,P37,694.5452177763925,49.61037269831375
P16__P38,P16,P38,621.1679247534108,44.369137482386485
P16__P39,P16,P39,781.1566822417648,55.79690587441177
P16__P40,P16,P40,610.918147558081,43.637010539862935
P17__P01,P17,P01,720.0255998343636,51.43039998816882
P17__P02,P17,P02,108.5394209847557,7.752815784625406
P17__P03,P17,P03,1037.1141662045343,74.07958330032388
P17__P04,P17,P04,938.2338941471969,67.01670672479977
P17__P05,P17,P05,202.88147103613943,14.491533645438532
P17__P06,P17,P06,230.87530932685146,16.49109352334653
P17__P07,P17,P07,463.78293329162994,33.127352377973565
P17__P08,P17,P08,179.44236542591983,12.817311816137131
P17__P09,P17,P09,755.8364433935026,53.988317385250184
P17__P10,P17,P10,777.7967490467844,55.55691064619889
P17__P11,P17,P11,178.09294638014887,12.720924741439205
P17__P12,P17,P12,132.67470176401335,9.476764411715239
P17__P13,P17,P13,121.61559161491549,8.686827972493964
P17__P14,P17,P14,324.6189916913451,23.18707083509608
P17__P15,P17,P15,1026.8286850016102,73.34490607154359
P17__P16,P17,P16,459.6390427688645,32.831360197776036
P17__P18,P17,P18,278.93223233562975,19.92373088111641
P17__P19,P17,P19,282.1838364394414,20.155988317102956
P17__P20,P17,P20,653.3617024527855,46.66869303234182
P17__P21,P17,P21,775.1492766867513,55.36780547762509
P17__P22,P17,P22,718.6567173430205,51.33262266735861
P17__P23,P17,P23,834.8782428263621,59.634160201883006
P17__P24,P17,P24,228.89260467565705,16.349471762546933
P17__P25,P17,P25,1208.7719479056614,86.34085342183296
P17__P26,P17,P26,783.5018285483408,55.96441632488148
P17__P27,P17,P27,1269.564075389255,90.68314824208964
P17__P28,P17,P28,669.3431058128931,47.81022184377808
P17__P29,P17,P29,928.0160948435504,66.28686391739646
P17__P30,P17,P30,1037.2574486158458,74.08981775827469
P17__P31,P17,P31,979.2339813834084,69.94528438452917
P17__P32,P17,P32,372.84736875729567,26.631954911235404
P17__P33,P17,P33,179.44236542591983,12.817311816137131
P17__P34,P17,P34,441.333151067988,31.523796504856286
P17__P35,P17,P35,422.18359829384707,30.15597130670336
P17__P36,P17,P36,981.8765064942836,70.13403617816311
P17__P37,P17,P37,960.1941871975241,68.58529908553744
P17__P38,P17,P38,177.95262023721676,12.710901445515484
P17__P39,P17,P39,508.3007100293823,36.30719357352731
P17__P40,P17,P40,428.6468334659709,30.617630961855063
P18__P01,P18,P01,860.8883817773121,61.49202726980801
P18__P02,P18,P02,332.95637958213246,23.78259854158089
P18__P03,P18,P03,790.8274365523819,56.48767403945585
P18__P04,P18,P04,691.9471644950445,49.424797463931746
P18__P05,P18,P05,207.09719160183244,14.79265654298803
P18__P06,P18,P06,489.53372176215163,34.96669441158226
P18__P07,P18,P07,650.2967963733607,46.44977116952577
P18__P08,P18,P08,441.9508595088794,31.567918536348525
P18__P09,P18,P09,509.54971374135033,36.39640812438217
P18__P10,P18,P10,531.5100193946319,37.965001385330844
P18__P11,P18,P11,390.2897606678158,27.87784004770113
P18__P12,P18,P12,395.1831958469728,28.227371131926628
P18__P13,P18,P13,355.16082713422753,25.368630509587682
P18__P14,P18,P14,570.1425431064216,40.7244673647444
P18__P15,P18,P15,780.5419553494577,55.75299681067555
P18__P16,P18,P16,260.1053014117283,18.578950100837737
P18__P17,P18,P17,278.93223233562975,19.92373088111641
P18__P19,P18,P19,544.6923305224009,38.90659503731435
P18__P20,P18,P20,407.07497280063285,29.076783771473774
P18__P21,P18,P21,908.7049238657115,64.90749456183654
P18__P22,P18,P22,472.3699876908682,33.740713406490585
P18__P23,P18,P23,588.5915131742096,42.04225094101497
P18__P24,P18,P24,491.40109875861657,35.10007848275833
P18__P25,P18,P25,962.4852182535086,68.7489441609649
P18__P26,P18,P26,917.057475727301,65.50410540909293
P18__P27,P18,P27,1023.2773457371025,73.09123898122161
P18__P28,P18,P28,423.05637616074085,30.218312582910063
P18__P29,P18,P29,681.7293651913981,48.69495465652843
P18__P30,P18,P30,790.9707189636935,56.49790849740668
P18__P31,P18,P31,732.947251731256,52.35337512366114
P18__P32,P18,P32,168.48998482029268,12.03499891573519
P18__P33,P18,P33,441.9508595088794,31.567918536348525
P18__P34,P18,P34,195.04642141583557,13.931887243988255
P18__P35,P18,P35,222.6498569367109,15.903561209765064
P18__P36,P18,P36,735.5897768421312,52.542126917295086
P18__P37,P18,P37,713.9074575453717,50.99338982466941
P18__P38,P18,P38,440.46111432017625,31.461508165726876
P18__P39,P18,P39,677.7084419132439,48.40774585094599
P18__P40,P18,P40,517.00166782111,36.928690558650715
P19__P01,P19,P01,623.7373690744835,44.55266921960596
P19__P02,P19,P02,288.6886859306025,20.620620423614465
P19__P03,P19,P03,1302.8742643913051,93.0624474565218
P19__P04,P19,P04,1203.9939923339678,85.9995708809977
P19__P05,P19,P05,413.79139662917163,29.556528330655116
P19__P06,P19,P06,248.22374258845107,17.730267327746507
P19__P07,P19,P07,314.8440599162312,22.48886142258794
P19__P08,P19,P08,190.52006727603938,13.608576234002813
P19__P09,P19,P09,1021.5965415802734,72.9711815414481
P19__P10,P19,P10,1043.5568472335553,74.5397748023968
P19__P11,P19,P11,292.9674343192509,20.926245308517924
P19__P12,P19,P12,233.30536443810502,16.664668888436072
P19__P13,P19,P13,292.8524589303705,20.918032780740752
P19__P14,P19,P14,157.29936263601198,11.235668759715141
P19__P15,P19,P15,1292.5887831883817,92.32777022774155
P19__P16,P19,P16,712.94016025519,50.924297161085
P19__P17,P19,P17,282.1838364394414,20.155988317102956
P19__P18,P19,P18,544.6923305224008,38.90659503731434
P19__P20,P19,P20,919.1218006395562,65.65155718853973
P19__P21,P19,P21,678.8610459268712,48.49007470906223
P19__P22,P19,P22,984.4168155297914,70.31548682355653
P19__P23,P19,P23,1100.638341013133,78.61702435808093
P19__P24,P19,P24,82.78664709473703,5.91333193533836
P19__P25,P19,P25,1474.5320460924322,105.32371757803087
P19__P26,P19,P26,687.2135977884607,49.08668555631862
P19__P27,P19,P27,1535.3241735760262,109.66601239828758
P19__P28,P19,P28,935.103203999664,66.793085999976
P19__P29,P19,P29,1193.7761930303216,85.2697280735944
P19__P30,P19,P30,1303.0175468026166,93.07268191447261
P19__P31,P19,P31,1244.9940795701793,88.9281485407271
P19__P32,P19,P32,633.6609632039948,45.261497371713915
P19__P33,P19,P33,190.52006727603938,13.608576234002813
P19__P34,P19,P34,707.0932492547589,50.506660661054205
P19__P35,P19,P35,673.2442140845941,48.08887243461386
P19__P36,P19,P36,1247.6366046810542,89.11690033436102
P19__P37,P19,P37,1225.954285384295,87.56816324173535
P19__P38,P19,P38,104.2312162022246,7.445086871587471
P19__P39,P19,P39,389.99513673007385,27.856795480719562
P19__P40,P19,P40,422.11628557122594,30.151163255087567
P20__P01,P20,P01,1267.9633545779454,90.56881104128182
P20__P02,P20,P02,700.0806589106976,50.00576135076411
P20__P03,P20,P03,608.6923352066581,43.47802394333272
P20__P04,P20,P04,509.8120631493205,36.41514736780861
P20__P05,P20,P05,614.1721644024653,43.86944031446181
P20__P06,P20,P06,854.4990028898183,61.035643063558446
P20__P07,P20,P07,1057.3717691739935,75.52655494099953
P20__P08,P20,P08,808.5715686756919,57.755112048263705
P20__P09,P20,P09,327.4146123956263,23.38675802825902
P20__P10,P20,P10,137.59079441076267,9.827913886483048
P20__P11,P20,P11,746.7194869272585,53.33710620908989
P20__P12,P20,P12,769.6126659641285,54.97233328315203
P20__P13,P20,P13,758.5535558150307,54.18239684393076
P20__P14,P20,P14,961.5569558914606,68.6826397065329
P20__P15,P20,P15,386.62273036558855,27.615909311827753
P20__P16,P20,P16,384.1828144587328,27.441629604195203
P20__P17,P20,P17,653.3617024527855,46.66869303234182
P20__P18,P20,P18,407.0749728006329,29.076783771473778
P20__P19,P20,P19,919.1218006395565,65.65155718853974
P20__P21,P20,P21,1315.7798966663445,93.98427833331031
P20__P22,P20,P22,290.2348863451442,20.731063310367443
P20__P23,P20,P23,239.35213267011497,17.096580905008214
P20__P24,P20,P24,865.8305688757722,61.84504063398373
P20__P25,P20,P25,625.4210609701094,44.67293292643638
P20__P26,P20,P26,1324.132448527934,94.58088918056671
P20__P27,P20,P27,650.984564508359,46.49889746488278
P20__P28,P20,P28,240.92127481501691,17.208662486786924
P20__P29,P20,P29,499.59426384567405,35.68530456040529
P20__P30,P20,P30,608.8356176179697,43.488258401283545
P20__P31,P20,P31,550.8121503855322,39.343725027538014
P20__P32,P20,P32,452.59487570168847,32.32820540726346
P20__P33,P20,P33,808.5715686756919,57.755112048263705
P20__P34,P20,P34,297.8158696847731,21.272562120340933
P20__P35,P20,P35,465.0171646815645,33.215511762968895
P20__P36,P20,P36,341.670551858262,24.405039418447284
P20__P37,P20,P37,531.7723561996477,37.98373972854626
P20__P38,P20,P38,814.8905844373319,58.20647031695228
P20__P39,P20,P39,1084.783414713877,77.48452962241979
P20__P40,P20,P40,924.0766406217431,66.0054743301245
P21__P01,P21,P01,82.19834963008968,5.871310687863549
P21__P02,P21,P02,873.3332215133905,62.38094439381361
P21__P03,P21,P03,1699.532360418093,121.39516860129235
P21__P04,P21,P04,1600.652088360756,114.33229202576828
P21__P05,P21,P05,729.4556507593428,52.103975054238774
P21__P06,P21,P06,841.7963376480279,60.128309832001996
P21__P07,P21,P07,397.3843844396129,28.38459888854378
P21__P08,P21,P08,784.0926623356162,56.0066187382583
P21__P09,P21,P09,1418.2546376070613,101.30390268621866
P21__P10,P21,P10,1440.2149432603437,102.87249594716741
P21__P11,P21,P11,886.5400293788276,63.3242878127734
P21__P12,P21,P12,815.0652226075171,58.21894447196551
P21__P13,P21,P13,718.1625316675461,51.29732369053901
P21__P14,P21,P14,536.583582773213,38.32739876951522
P21__P15,P21,P15,1689.24687921517,120.66049137251215
P21__P16,P21,P16,1002.6214036026822,71.61581454304873
P21__P17,P21,P17,775.1492766867514,55.3678054776251
P21__P18,P21,P18,908.7049238657114,64.90749456183653
P21__P19,P21,P19,678.8610459268709,48.490074709062206
P21__P20,P21,P20,1315.7798966663445,93.98427833331031
P21__P22,P21,P22,1381.0749115565795,98.64820796832711
P21__P23,P21,P23,1462.8507689594671,104.48934063996194
P21__P24,P21,P24,701.9342166045842,50.138158328898875
P21__P25,P21,P25,1807.6449399779397,129.11749571270997
P21__P26,P21,P26,16.163149949491046,1.154510710677932
P21__P27,P21,P27,1898.5907142876918,135.61362244912084
P21__P28,P21,P28,1331.7613000264525,95.12580714474662
P21__P29,P21,P29,1590.4342890571095,113.60244921836497
P21__P30,P21,P30,1699.6756428294045,121.40540305924318
P21__P31,P21,P31,1641.6521755969675,117.26086968549768
P21__P32,P21,P32,930.533630041959,66.46668786013993
P21__P33,P21,P33,784.0926623356162,56.0066187382583
P21__P34,P21,P34,1050.6759477102864,75.04828197930617
P21__P35,P21,P35,962.9254574320863,68.7803898165776
P21__P36,P21,P36,1644.2947007078426,117.44962147913161
P21__P37,P21,P37,1622.612381411083,115.90088438650594
P21__P38,P21,P38,697.8038112618015,49.84312937584296
P21__P39,P21,P39,326.28293125340804,23.305923660957717
P21__P40,P21,P40,439.7402625846272,31.4100187560448
P22__P01,P22,P01,1333.2583694681805,95.2327406762986
P22__P02,P22,P02,765.3756738009329,54.66969098578092
P22__P03,P22,P03,339.2181147518265,24.229865339416175
P22__P04,P22,P04,242.23642199792985,17.302601571280704
P22__P05,P22,P05,679.4671792927006,48.53336994947862
P22__P06,P22,P06,919.7940177800537,65.69957269857527
P22__P07,P22,P07,1122.6667840642288,80.19048457601635
P22__P08,P22,P08,873.8665835659273,62.41904168328052
P22__P09,P22,P09,102.17694147116688,7.298352962226206
P22__P10,P22,P10,404.1004612138056,28.864318658128973
P22__P11,P22,P11,812.0145018174939,58.0010358441067
P22__P12,P22,P12,834.9076808543638,59.63626291816884
P22__P13,P22,P13,823.848570705266,58.84632647894757
P22__P14,P22,P14,1026.8519707816959,73.34656934154971
P22__P15,P22,P15,653.1323971686314,46.65231408347368
P22__P16,P22,P16,453.007747921889,32.35769628013493
P22__P17,P22,P17,718.6567173430208,51.33262266735863
P22__P18,P22,P18,472.3699876908682,33.740713406490585
P22__P19,P22,P19,984.4168155297917,70.31548682355655
P22__P20,P22,P20,290.2348863451442,20.731063310367443
P22__P21,P22,P21,1381.0749115565795,98.64820796832711
P22__P23,P22,P23,518.674248196387,37.048160585456216
P22__P24,P22,P24,931.1255837660075,66.50897026900053
P22__P25,P22,P25,904.7431764963811,64.62451260688437
P22__P26,P22,P26,1389.427463418169,99.2448188155835
P22__P27,P22,P27,917.494231311402,65.53530223652872
P22__P28,P22,P28,116.00182576012406,8.285844697151719
P22__P29,P22,P29,225.14735695758782,16.08195406839913
P22__P30,P22,P30,339.3613971631381,24.24009979736701
P22__P31,P22,P31,283.23650923414135,20.231179231010096
P22__P32,P22,P32,521.4198091648447,37.24427208320319
P22__P33,P22,P33,873.8665835659273,62.41904168328052
P22__P34,P22,P34,366.27123449656324,26.162231035468803
P22__P35,P22,P35,533.8420981447207,38.13157843890862
P22__P36,P22,P36,608.1802186613049,43.44144419009321
P22__P37,P22,P37,264.19671504825703,18.87119393201836
P22__P38,P22,P38,880.1855993275672,62.870399951969084
P22__P39,P22,P39,1150.0784296041122,82.14845925743658
P22__P40,P22,P40,989.3716555119784,70.66940396514131
P23__P01,P23,P01,1415.034226871068,101.07387334793343
P23__P02,P23,P02,881.5971992842742,62.9712285203053
P23__P03,P23,P03,837.1316970579007,59.79512121842148
P23__P04,P23,P04,738.2514250005634,52.732244642897385
P23__P05,P23,P05,795.688704776042,56.834907484003
P23__P06,P23,P06,1036.0155432633949,74.00111023309964
P23__P07,P23,P07,1213.9744020586663,86.71245728990473
P23__P08,P23,P08,990.0881090492686,70.7205792178049
P23__P09,P23,P09,555.853974246869,39.70385530334779
P23__P10,P23,P10,147.1519448239411,10.510853201710079
P23__P11,P23,P11,928.2360273008352,66.30257337863108
P23__P12,P23,P12,951.1292063377051,67.93780045269322
P23__P13,P23,P13,922.2283339869126,65.87345242763662
P23__P14,P23,P14,1137.2100499591068,81.22928928279335
P23__P15,P23,P15,347.1070047237897,24.793357480270693
P23__P16,P23,P16,491.07448950554414,35.07674925039601
P23__P17,P23,P17,834.8782428263621,59.634160201883006
P23__P18,P23,P18,588.5915131742096,42.04225094101497
P23__P19,P23,P19,1100.6383410131332,78.61702435808094
P23__P20,P23,P20,239.35213267011494,17.09658090500821
P23__P21,P23,P21,1462.8507689594671,104.48934063996194
P23__P22,P23,P22,518.6742481963869,37.04816058545621
P23__P24,P23,P24,1047.3471092493487,74.81050780352491
P23__P25,P23,P25,419.806824211285,29.986201729377502
P23__P26,P23,P26,1471.2033208210566,105.08595148721834
P23__P27,P23,P27,465.0453262911912,33.217523306513655
P23__P28,P23,P28,469.3606366662596,33.52575976187568
P23__P29,P23,P29,728.0336256969168,52.00240183549406
P23__P30,P23,P30,837.2749794692123,59.80535567637231
P23__P31,P23,P31,779.2515122367748,55.66082230262678
P23__P32,P23,P32,570.2133016822355,40.72952154873111
P23__P33,P23,P33,990.0881090492686,70.7205792178049
P23__P34,P23,P34,455.22222345552376,32.51587310396598
P23__P35,P23,P35,571.9088397283758,40.8506314091697
P23__P36,P23,P36,300.146339147125,21.439024224794643
P23__P37,P23,P37,760.2117180508906,54.30083700363504
P23__P38,P23,P38,996.4071248109085,71.17193748649346
P23__P39,P23,P39,1241.3860475985498,88.67043197132499
P23__P40,P23,P40,1071.1475129148657,76.51053663677612
P24__P01,P24,P01,646.8105397521966,46.200752839442615
P24__P02,P24,P02,235.3974541668182,16.814103869058442
P24__P03,P24,P03,1249.5830326275209,89.25593090196578
P24__P04,P24,P04,1150.7027605701835,82.19305432644168
P24__P05,P24,P05,372.1534510144971,26.582389358178364
P24__P06,P24,P06,194.9325108246668,13.923750773190486
P24__P07,P24,P07,347.9311645925498,24.852226042324986
P24__P08,P24,P08,137.2288355122551,9.802059679446794
P24__P09,P24,P09,968.3053098164892,69.16466498689208
P24__P10,P24,P10,990.2656154697709,70.73325824784078
P24__P11,P24,P11,239.67620255546657,17.119728753961898
P24__P12,P24,P12,180.01413267432073,12.858152333880053
P24__P13,P24,P13,243.5415813526845,17.395827239477462
P24__P14,P24,P14,190.3864673123306,13.599033379452186
P24__P15,P24,P15,1239.2975514245973,88.52125367318551
P24__P16,P24,P16,671.3022146405156,47.950158188608256
P24__P17,P24,P17,228.89260467565708,16.349471762546933
P24__P18,P24,P18,491.4010987586165,35.10007848275832
P24__P19,P24,P19,82.78664709473703,5.91333193533836
P24__P20,P24,P20,865.830568875772,61.845040633983714
P24__P21,P24,P21,701.9342166045843,50.13815832889888
P24__P22,P24,P22,931.1255837660071,66.50897026900051
P24__P23,P24,P23,1047.347109249349,74.81050780352493
P24__P25,P24,P25,1421.240814328648,101.51720102347485
P24__P26,P24,P26,710.2867684661738,50.734769176155275
P24__P27,P24,P27,1482.032941812242,105.85949584373157
P24__P28,P24,P28,881.8119722358797,62.98656944541998
P24__P29,P24,P29,1140.4849612665373,81.46321151903838
P24__P30,P24,P30,1249.7263150388324,89.2661653599166
P24__P31,P24,P31,1191.702847806395,85.12163198617108
P24__P32,P24,P32,585.3162351802824,41.80830251287732
P24__P33,P24,P33,137.2288355122551,9.802059679446794
P24__P34,P24,P34,653.8020174909747,46.70014410649819
P24__P35,P24,P35,631.6062684699197,45.11473346213712
P24__P36,P24,P36,1194.34537291727,85.310383779805
P24__P37,P24,P37,1172.6630536205107,83.76164668717934
P24__P38,P24,P38,50.939984438440305,3.6385703170314505
P24__P39,P24,P39,413.068307407787,29.504879100556217
P24__P40,P24,P40,422.05554691183613,30.146824779416868
P25__P01,P25,P01,1759.8283978895395,125.70202842068139
P25__P02,P25,P02,1255.4909043635735,89.67792174025524
P25__P03,P25,P03,1223.2006253578952,87.37147323984966
P25__P04,P25,P04,1124.3203533005578,80.30859666432556
P25__P05,P25,P05,1147.5505625567114,81.96789732547938
P25__P06,P25,P06,1409.9092483426937,100.70780345304955
P25__P07,P25,P07,1558.768573077138,111.3406123626527
P25__P08,P25,P08,1363.9818141285673,97.42727243775481
P25__P09,P25,P09,941.9229025468635,67.28020732477596
P25__P10,P25,P10,515.4358429887834,36.816845927770245
P25__P11,P25,P11,1302.129732380134,93.00926659858101
P25__P12,P25,P12,1325.0229114170036,94.64449367264311
P25__P13,P25,P13,1268.9933198361177,90.64237998829412
P25__P14,P25,P14,1483.9750358083118,105.99821684345083
P25__P15,P25,P15,679.3879402853213,48.52771002038009
P25__P16,P25,P16,827.7929106876736,59.12806504911954
P25__P17,P25,P17,1208.7719479056605,86.34085342183289
P25__P18,P25,P18,962.4852182535086,68.7489441609649
P25__P19,P25,P19,1474.5320460924318,105.32371757803084
P25__P20,P25,P20,625.4210609701094,44.67293292643638
P25__P21,P25,P21,1807.6449399779385,129.11749571270988
P25__P22,P25,P22,904.7431764963815,64.6245126068844
P25__P23,P25,P23,419.80682421128506,29.986201729377505
P25__P24,P25,P24,1421.2408143286473,101.51720102347481
P25__P26,P25,P26,1815.997491839528,129.7141065599663
P25__P27,P25,P27,258.4413625462245,18.460097324730324
P25__P28,P25,P28,855.429564966254,61.10211178330386
P25__P29,P25,P29,1114.1025539969114,79.57875385692225
P25__P30,P25,P30,1223.3439077692067,87.38170769780048
P25__P31,P25,P31,1165.3204405367694,83.23717432405496
P25__P32,P25,P32,920.0987362632093,65.72133830451494
P25__P33,P25,P33,1363.9818141285673,97.42727243775481
P25__P34,P25,P34,815.5584753788726,58.25417681277661
P25__P35,P25,P35,908.6272609105052,64.90194720789323
P25__P36,P25,P36,542.1773375926972,38.72695268519266
P25__P37,P25,P37,1146.280646350885,81.87718902506322
P25__P38,P25,P38,1370.300829890207,97.87863070644336
P25__P39,P25,P39,1586.1802186170216,113.29858704407297
P25__P40,P25,P40,1415.9416839333371,101.13869170952408
P26__P01,P26,P01,90.55090149167931,6.467921535119951
P26__P02,P26,P02,881.6857733749803,62.97755524107002
P26__P03,P26,P03,1707.8849122796828,121.99177944854877
P26__P04,P26,P04,1609.0046402223456,114.92890287302468
P26__P05,P26,P05,737.8082026209323,52.70058590149517
P26__P06,P26,P06,850.1488895096177,60.7249206792584
P26__P07,P26,P07,405.73693630120255,28.98120973580018
P26__P08,P26,P08,792.4452141972059,56.60322958551471
P26__P09,P26,P09,1426.607189468651,101.90051353347508
P26__P10,P26,P10,1448.5674951219335,103.46910679442382
P26__P11,P26,P11,894.8925812404174,63.92089866002981
P26__P12,P26,P12,823.4177744691068,58.815555319221914
P26__P13,P26,P13,726.5150835291357,51.89393453779541
P26__P14,P26,P14,544.9361346348027,38.92400961677162
P26__P15,P26,P15,1697.5994310767599,121.25710221976856
P26__P16,P26,P16,1010.973955464272,72.21242539030514
P26__P17,P26,P17,783.501828548341,55.9644163248815
P26__P18,P26,P18,917.057475727301,65.50410540909293
P26__P19,P26,P19,687.2135977884607,49.08668555631862
P26__P20,P26,P20,1324.1324485279342,94.58088918056673
P26__P21,P26,P21,16.163149949491046,1.154510710677932
P26__P22,P26,P22,1389.4274634181693,99.24481881558351
P26__P23,P26,P23,1471.2033208210569,105.08595148721835
P26__P24,P26,P24,710.2867684661738,50.734769176155275
P26__P25,P26,P25,1815.997491839529,129.71410655996635
P26__P27,P26,P27,1906.9432661492815,136.21023329637725
P26__P28,P26,P28,1340.1138518880423,95.72241799200302
P26__P29,P26,P29,1598.7868409186992,114.19906006562137
P26__P30,P26,P30,1708.0281946909943,122.00201390649958
P26__P31,P26,P31,1650.0047274585572,117.85748053275408
P26__P32,P26,P32,938.8861819035486,67.06329870739633
P26__P33,P26,P33,792.4452141972059,56.60322958551471
P26__P34,P26,P34,1059.0284995718762,75.64489282656258
P26__P35,P26,P35,971.278009293676,69.377000663834
P26__P36,P26,P36,1652.6472525694323,118.04623232638802
P26__P37,P26,P37,1630.9649332726729,116.49749523376235
P26__P38,P26,P38,706.1563631233912,50.43974022309937
P26__P39,P26,P39,334.63548311499767,23.90253450821412
P26__P40,P26,P40,448.09281444621683,32.0066296033012
P27__P01,P27,P01,1850.7741721992927,132.19815515709234
P27__P02,P27,P02,1316.2830318471674,94.02021656051195
P27__P03,P27,P03,1235.9516801729155,88.28226286949396
P27__P04,P27,P04,1137.0714081155784,81.21938629396989
P27__P05,P27,P05,1230.3745373389354,87.88389552420968
P27__P06,P27,P06,1470.7013758262879,105.05009827330628
P27__P07,P27,P07,1649.714347386891,117.83673909906364
P27__P08,P27,P08,1424.7739416121615,101.76956725801153
P27__P09,P27,P09,954.673957361884,68.19099695442029
P27__P10,P27,P10,520.0071129250849,37.14336520893464
P27__P11,P27,P11,1362.9218598637283,97.35156141883773
P27__P12,P27,P12,1385.8150389005978,98.98678849289983
P27__P13,P27,P13,1357.9682793151376,96.99773423679554
P27__P14,P27,P14,1572.9499952873314,112.35357109195225
P27__P15,P27,P15,661.7302714241142,47.2664479588653
P27__P16,P27,P16,926.8144348337692,66.20103105955494
P27__P17,P27,P17,1269.5640753892546,90.68314824208962
P27__P18,P27,P18,1023.2773457371027,73.09123898122162
P27__P19,P27,P19,1535.3241735760257,109.66601239828755
P27__P20,P27,P20,650.9845645083591,46.498897464882795
P27__P21,P27,P21,1898.5907142876918,135.61362244912084
P27__P22,P27,P22,917.494231311402,65.53530223652872
P27__P23,P27,P23,465.04532629119126,33.21752330651366
P27__P24,P27,P24,1482.0329418122412,105.85949584373152
P27__P25,P27,P25,258.44136254622447,18.46009732473032
P27__P26,P27,P26,1906.9432661492813,136.21023329637723
P27__P28,P27,P28,864.7091025358993,61.76493589542138
P27__P29,P27,P29,1126.853608811932,80.48954348656657
P27__P30,P27,P30,1236.094962584227,88.29249732744479
P27__P31,P27,P31,1178.07149535179,84.14796395369929
P27__P32,P27,P32,1005.9532470104604,71.85380335789003
P27__P33,P27,P33,1424.7739416121615,101.76956725801153
P27__P34,P27,P34,889.9080560184168,63.56486114417263
P27__P35,P27,P35,1007.6487850566009,71.97491321832864
P27__P36,P27,P36,521.4237314615115,37.244552247250816
P27__P37,P27,P37,1159.0317011659056,82.78797865470754
P27__P38,P27,P38,1431.092957373801,102.22092552670007
P27__P39,P27,P39,1677.1259929267744,119.79471378048389
P27__P40,P27,P40,1506.8874582430904,107.63481844593503
P28__P01,P28,P01,1283.9447579380533,91.71033985271809
P28__P02,P28,P02,716.0620622708057,51.147290162200406
P28__P03,P28,P03,406.4178327530596,29.029845196647113
P28__P04,P28,P04,307.53756069572233,21.966968621123023
P28__P05,P28,P05,630.1535677625734,45.0109691258981
P28__P06,P28,P06,870.4804062499263,62.177171874994734
P28__P07,P28,P07,1073.3531725341015,76.66808375243582
P28__P08,P28,P08,824.5529720357999,58.89664085969999
P28__P09,P28,P09,109.24111646884741,7.802936890631957
P28__P10,P28,P10,351.31533243830313,25.093952317021653
P28__P11,P28,P11,762.7008902873665,54.47863502052618
P28__P12,P28,P12,785.5940693242366,56.11386209458833
P28__P13,P28,P13,774.5349591751387,55.323925655367056
P28__P14,P28,P14,977.5383592515686,69.82416851796918
P28__P15,P28,P15,600.347268393129,42.88194774236636
P28__P16,P28,P16,403.69413639176173,28.83529545655441
P28__P17,P28,P17,669.3431058128936,47.81022184377811
P28__P18,P28,P18,423.0563761607409,30.218312582910066
P28__P19,P28,P19,935.1032039996645,66.79308599997604
P28__P20,P28,P20,240.92127481501691,17.208662486786924
P28__P21,P28,P21,1331.7613000264523,95.12580714474659
P28__P22,P28,P22,116.00182576012404,8.285844697151717
P28__P23,P28,P23,469.3606366662597,33.5257597618757
P28__P24,P28,P24,881.8119722358803,62.98656944542002
P28__P25,P28,P25,855.4295649662538,61.10211178330384
P28__P26,P28,P26,1340.1138518880418,95.72241799200299
P28__P27,P28,P27,864.7091025358995,61.764935895421395
P28__P29,P28,P29,312.4063759818475,22.314741141560535
P28__P30,P28,P30,406.56111516437124,29.040079654597946
P28__P31,P28,P31,348.5376479319338,24.895546280852415
P28__P32,P28,P32,472.1061976347173,33.72187125962267
P28__P33,P28,P33,824.5529720357999,58.89664085969999
P28__P34,P28,P34,316.95762296643596,22.639830211888285
P28__P35,P28,P35,484.52848661459336,34.6091776153281
P28__P36,P28,P36,555.3950898858025,39.67107784898589
P28__P37,P28,P37,329.4978537460495,23.535560981860677
P28__P38,P28,P38,830.8719877974399,59.347999128388565
P28__P39,P28,P39,1100.764818073985,78.62605843385607
P28__P40,P28,P40,940.058043981851,67.14700314156079
P29__P01,P29,P01,1542.6177469687102,110.18698192633644
P29__P02,P29,P02,974.7350513014626,69.62393223581876
P29__P03,P29,P03,146.90723381943454,10.493373844245324
P29__P04,P29,P04,83.05392833913866,5.932423452795619
P29__P05,P29,P05,888.8265567932303,63.48761119951645
P29__P06,P29,P06,1129.1533952805833,80.65381394861309
P29__P07,P29,P07,1332.0261615647585,95.14472582605417
P29__P08,P29,P08,1083.2259610664569,77.37328293331835
P29__P09,P29,P09,231.45901453581232,16.53278675255802
P29__P10,P29,P10,613.4598387143352,43.8185599081668
P29__P11,P29,P11,1021.3738793180236,72.95527709414453
P29__P12,P29,P12,1044.2670583548936,74.59050416820669
P29__P13,P29,P13,1033.2079482057957,73.8005677289854
P29__P14,P29,P14,1236.2113482822256,88.30081059158753
P29__P15,P29,P15,862.4917746691611,61.60655533351151
P29__P16,P29,P16,662.3671254224189,47.31193753017278
P29__P17,P29,P17,928.0160948435505,66.28686391739646
P29__P18,P29,P18,681.729365191398,48.694954656528424
P29__P19,P29,P19,1193.7761930303218,85.26972807359441
P29__P20,P29,P20,499.59426384567405,35.68530456040529
P29__P21,P29,P21,1590.4342890571093,113.60244921836495
P29__P22,P29,P22,225.14735695758782,16.08195406839913
P29__P23,P29,P23,728.0336256969168,52.00240183549406
P29__P24,P29,P24,1140.4849612665373,81.46321151903838
P29__P25,P29,P25,1114.1025539969112,79.57875385692223
P29__P26,P29,P26,1598.7868409186988,114.19906006562134
P29__P27,P29,P27,1126.853608811932,80.48954348656657
P29__P28,P29,P28,312.40637598184753,22.31474114156054
P29__P30,P29,P30,147.05051623074615,10.503608302196154
P29__P31,P29,P31,101.14651947925914,7.224751391375653
P29__P32,P29,P32,730.7791866653745,52.19851333324103
P29__P33,P29,P33,1083.2259610664569,77.37328293331835
P29__P34,P29,P34,575.6306119970932,41.11647228550665
P29__P35,P29,P35,743.2014756452505,53.085819688946465
P29__P36,P29,P36,817.5395961618344,58.39568544013103
P29__P37,P29,P37,128.51900029998689,9.179928592856205
P29__P38,P29,P38,1089.544976828097,77.82464120200693
P29__P39,P29,P39,1359.4378071046422,97.10270050747444
P29__P40,P29,P40,1198.7310330125079,85.62364521517914
P30__P01,P30,P01,1651.8591007410057,117.98993576721469
P30__P02,P30,P02,1083.976405073758,77.426886076697
P30__P03,P30,P03,15.569796773222004,1.112128340944429
P30__P04,P30,P04,114.94638912605174,8.210456366146554
P30__P05,P30,P05,998.0679105655258,71.2905650403947
P30__P06,P30,P06,1238.3947490528785,88.45676778949132
P30__P07,P30,P07,1441.267515337054,102.94767966693243
P30__P08,P30,P08,1192.4673148387521,85.17623677419658
P30__P09,P30,P09,325.6137537183361,23.258125265595435
P30__P10,P30,P10,722.7011924866307,51.62151374904505
P30__P11,P30,P11,1130.615233090319,80.75823093502278
P30__P12,P30,P12,1153.508412127189,82.39345800908494
P30__P13,P30,P13,1142.4493019780912,81.60352156986366
P30__P14,P30,P14,1345.452702054521,96.1037644324658
P30__P15,P30,P15,971.7331284414566,69.40950917438975
P30__P16,P30,P16,771.6084791947144,55.11489137105103
P30__P17,P30,P17,1037.257448615846,74.08981775827472
P30__P18,P30,P18,790.9707189636935,56.49790849740668
P30__P19,P30,P19,1303.0175468026173,93.07268191447267
P30__P20,P30,P20,608.8356176179695,43.48825840128354
P30__P21,P30,P21,1699.6756428294048,121.4054030592432
P30__P22,P30,P22,339.3613971631381,24.24009979736701
P30__P23,P30,P23,837.2749794692123,59.80535567637231
P30__P24,P30,P24,1249.7263150388328,89.26616535991663
P30__P25,P30,P25,1223.343907769207,87.3817076978005
P30__P26,P30,P26,1708.0281946909943,122.00201390649958
P30__P27,P30,P27,1236.0949625842277,88.29249732744483
P30__P28,P30,P28,406.56111516437136,29.040079654597953
P30__P29,P30,P29,147.05051623074618,10.503608302196156
P30__P31,P30,P31,63.8294244537436,4.559244603838828
P30__P32,P30,P32,840.02054043767,60.001467174119284
P30__P33,P30,P33,1192.4673148387521,85.17623677419658
P30__P34,P30,P34,684.8719657693887,48.919426126384906
P30__P35,P30,P35,852.442829417546,60.88877352982472
P30__P36,P30,P36,926.7809499341299,66.19863928100928
P30__P37,P30,P37,160.41146108689998,11.457961506207141
P30__P38,P30,P38,1198.7863306003926,85.62759504288519
P30__P39,P30,P39,1468.6791608769377,104.90565434835268
P30__P40,P30,P40,1307.9723867848033,93.42659905605738
P31__P01,P31,P01,1593.835633508568,113.84540239346914
P31__P02,P31,P02,1025.9529378413206,73.28235270295147
P31__P03,P31,P03,63.68614204243198,4.549010145887999
P31__P04,P31,P04,56.9229218936143,4.065922992401021
P31__P05,P31,P05,940.0444433330883,67.14603166664917
P31__P06,P31,P06,1180.3712818204413,84.3122344157458
P31__P07,P31,P07,1383.2440481046165,98.80314629318688
P31__P08,P31,P08,1134.4438476063149,81.03170340045106
P31__P09,P31,P09,267.5902864858987,19.113591891849904
P31__P10,P31,P10,664.6777252541932,47.47698037529951
P31__P11,P31,P11,1072.5917658578815,76.61369756127725
P31__P12,P31,P12,1095.4849448947516,78.2489246353394
P31__P13,P31,P13,1084.4258347456534,77.4589881961181
P31__P14,P31,P14,1287.4292348220833,91.95923105872023
P31__P15,P31,P15,913.7096612090191,65.26497580064422
P31__P16,P31,P16,713.5850119622769,50.97035799730549
P31__P17,P31,P17,979.2339813834085,69.94528438452917
P31__P18,P31,P18,732.947251731256,52.35337512366114
P31__P19,P31,P19,1244.9940795701796,88.92814854072711
P31__P20,P31,P20,550.8121503855319,39.34372502753799
P31__P21,P31,P21,1641.652175596967,117.26086968549764
P31__P22,P31,P22,283.2365092341414,20.2311792310101
P31__P23,P31,P23,779.2515122367747,55.66082230262676
P31__P24,P31,P24,1191.702847806395,85.12163198617108
P31__P25,P31,P25,1165.3204405367692,83.23717432405495
P31__P26,P31,P26,1650.0047274585565,117.85748053275404
P31__P27,P31,P27,1178.0714953517902,84.1479639536993
P31__P28,P31,P28,348.53764793193386,24.895546280852418
P31__P29,P31,P29,101.14651947925913,7.224751391375652
P31__P30,P31,P30,63.8294244537436,4.559244603838828
P31__P32,P31,P32,781.9970732052325,55.856933800373746
P31__P33,P31,P33,1134.4438476063149,81.03170340045106
P31__P34,P31,P34,626.8484985369512,44.77489275263937
P31__P35,P31,P35,794.4193621851085,56.74424015607918
P31__P36,P31,P36,868.7574827016924,62.05410590726375
P31__P37,P31,P37,102.38799385446254,7.31342813246161
P31__P38,P31,P38,1140.7628633679549,81.48306166913963
P31__P39,P31,P39,1410.6556936445,100.76112097460714
P31__P40,P31,P40,1249.9489195523656,89.28206568231182
P32__P01,P32,P01,882.7170879535597,63.05122056811141
P32__P02,P32,P02,436.22890365947814,31.159207404248438
P32__P03,P32,P03,839.8772580263584,59.991232716168454
P32__P04,P32,P04,740.996985969021,52.92835614064436
P32__P05,P32,P05,260.2055017959514,18.586107271139387
P32__P06,P32,P06,587.2989398314769,41.94992427367692
P32__P07,P32,P07,679.8265556487991,48.559039689199935
P32__P08,P32,P08,535.8659959305453,38.27614256646752
P32__P09,P32,P09,558.5995352153267,39.89996680109476
P32__P10,P32,P10,577.0299222956874,41.21642302112053
P32__P11,P32,P11,505.7824290548713,36.127316361062235
P32__P12,P32,P12,489.0983322686388,34.93559516204563
P32__P13,P32,P13,384.6905864096658,27.47789902926184
P32__P14,P32,P14,599.6723023818598,42.83373588441856
P32__P15,P32,P15,808.9485974723287,57.78204267659491
P32__P16,P32,P16,140.18748400749803,10.013391714821287
P32__P17,P32,P17,372.8473687572957,26.631954911235407
P32__P18,P32,P18,168.48998482029265,12.034998915735189
P32__P19,P32,P19,633.6609632039945,45.261497371713894
P32__P20,P32,P20,452.59487570168847,32.32820540726346
P32__P21,P32,P21,930.5336300419591,66.46668786013994
P32__P22,P32,P22,521.4198091648445,37.24427208320318
P32__P23,P32,P23,570.2133016822355,40.72952154873111
P32__P24,P32,P24,585.3162351802825,41.808302512877326
P32__P25,P32,P25,920.098736263209,65.72133830451493
P32__P26,P32,P26,938.8861819035486,67.06329870739633
P32__P27,P32,P27,1005.95324701046,71.85380335789
P32__P28,P32,P28,472.10619763471726,33.72187125962266
P32__P29,P32,P29,730.7791866653745,52.19851333324103
P32__P30,P32,P30,840.02054043767,60.001467174119284
P32__P31,P32,P31,781.9970732052325,55.856933800373746
P32__P33,P32,P33,535.8659959305453,38.27614256646752
P32__P34,P32,P34,158.03848043305481,11.288462888075344
P32__P35,P32,P35,133.43086293693966,9.530775924067118
P32__P36,P32,P36,761.987931895664,54.427709421118855
P32__P37,P32,P37,762.9572790193482,54.496948501382015
P32__P38,P32,P38,534.3762507418422,38.169732195845874
P32__P39,P32,P39,707.2382011886822,50.51701437062015
P32__P40,P32,P40,538.8303739973576,38.48788385695411
P33__P01,P33,P01,728.9689854832287,52.06921324880205
P33__P02,P33,P02,129.71163820007635,9.265117014291167
P33__P03,P33,P03,1192.3240324274407,85.16600231624577
P33__P04,P33,P04,1093.4437603701033,78.10312574072167
P33__P05,P33,P05,364.0073685473316,26.000526324809403
P33__P06,P33,P06,75.76584530941429,5.411846093529592
P33__P07,P33,P07,437.1222165250518,31.22301546607513
P33__P08,P33,P08,0.0,0.0
P33__P09,P33,P09,911.0463096164092,65.07473640117209
P33__P10,P33,P10,933.0066152696908,66.64332966212076
P33__P11,P33,P11,120.50953704021407,8.607824074301005
P33__P12,P33,P12,105.59550987954145,7.542536419967247
P33__P13,P33,P13,206.5250223280185,14.751787309144179
P33__P14,P33,P14,279.57751924483256,19.969822803202327
P33__P15,P33,P15,1182.0385512245168,84.43132508746548
P33__P16,P33,P16,622.6576699421139,44.47554785300814
P33__P17,P33,P17,179.44236542591983,12.817311816137131
P33__P18,P33,P18,441.95085950887926,31.567918536348518
P33__P19,P33,P19,190.5200672760394,13.608576234002815
P33__P20,P33,P20,808.5715686756919,57.755112048263705
P33__P21,P33,P21,784.0926623356164,56.00661873825832
P33__P22,P33,P22,873.8665835659272,62.41904168328051
P33__P23,P33,P23,990.0881090492686,70.7205792178049
P33__P24,P33,P24,137.2288355122551,9.802059679446794
P33__P25,P33,P25,1363.9818141285677,97.42727243775484
P33__P26,P33,P26,792.4452141972059,56.60322958551471
P33__P27,P33,P27,1424.7739416121617,101.76956725801155
P33__P28,P33,P28,824.5529720357997,58.89664085969998
P33__P29,P33,P29,1083.225961066457,77.37328293331836
P33__P30,P33,P30,1192.4673148387521,85.17623677419658
P33__P31,P33,P31,1134.4438476063149,81.03170340045106
P33__P32,P33,P32,535.8659959305452,38.27614256646751
P33__P34,P33,P34,596.5430172908946,42.61021552077818
P33__P35,P33,P35,585.2022254670966,41.80015896193547
P33__P36,P33,P36,1137.0863727171898,81.22045519408498
P33__P37,P33,P37,1115.4040534204305,79.67171810145932
P33__P38,P33,P38,86.2888510738148,6.163489362415342
P33__P39,P33,P39,495.2267531388191,35.37333950991565
P33__P40,P33,P40,475.70863916944245,33.97918851210303
P34__P01,P34,P01,1002.8594056218873,71.63281468727766
P34__P02,P34,P02,488.0521075259005,34.86086482327861
P34__P03,P34,P03,684.7286833580771,48.909191668434076
P34__P04,P34,P04,585.8484113007397,41.84631509290998
P34__P05,P34,P05,385.5684281240175,27.540602008858393
P34__P06,P34,P06,642.470451505021,45.890746536072925
P34__P07,P34,P07,801.7995808094857,57.271398629248985
P34__P08,P34,P08,596.5430172908946,42.61021552077818
P34__P09,P34,P09,403.4509605470454,28.817925753360385
P34__P10,P34,P10,422.2509162787722,30.160779734198012
P34__P11,P34,P11,534.690935542461,38.19220968160436
P34__P12,P34,P12,557.5841145793311,39.827436755666504
P34__P13,P34,P13,510.0535127377319,36.43239376698085
P34__P14,P34,P14,725.035228709926,51.78823062213757
P34__P15,P34,P15,671.282852233598,47.94877515954271
P34__P16,P34,P16,89.62641919009921,6.401887085007087
P34__P17,P34,P17,441.333151067988,31.523796504856286
P34__P18,P34,P18,195.0464214158356,13.931887243988257
P34__P19,P34,P19,707.0932492547589,50.506660661054205
P34__P20,P34,P20,297.815869684773,21.27256212034093
P34__P21,P34,P21,1050.6759477102867,75.0482819793062
P34__P22,P34,P22,366.2712344965633,26.162231035468807
P34__P23,P34,P23,455.22222345552365,32.51587310396597
P34__P24,P34,P24,653.8020174909747,46.70014410649819
P34__P25,P34,P25,815.5584753788723,58.2541768127766
P34__P26,P34,P26,1059.0284995718762,75.64489282656258
P34__P27,P34,P27,889.9080560184168,63.56486114417263
P34__P28,P34,P28,316.9576229664359,22.639830211888277
P34__P29,P34,P29,575.6306119970932,41.11647228550665
P34__P30,P34,P30,684.8719657693887,48.919426126384906
P34__P31,P34,P31,626.8484985369512,44.77489275263937
P34__P32,P34,P32,158.03848043305481,11.288462888075344
P34__P33,P34,P33,596.5430172908946,42.61021552077818
P34__P35,P34,P35,170.46076941293086,12.175769243780776
P34__P36,P34,P36,626.3306737262715,44.73790526616225
P34__P37,P34,P37,607.8087043510669,43.414907453647636
P34__P38,P34,P38,602.8620330525343,43.06157378946674
P34__P39,P34,P39,829.2112263493689,59.2293733106692
P34__P40,P34,P40,658.9726916656851,47.06947797612037
P35__P01,P35,P01,915.1089153436872,65.36492252454909
P35__P02,P35,P02,485.5651331960295,34.683223799716394
P35__P03,P35,P03,852.2995470062345,60.878539071873895
P35__P04,P35,P04,753.4192749488972,53.815662496349795
P35__P05,P35,P05,302.83108001085856,21.63079142934704
P35__P06,P35,P06,636.6351693680283,45.47394066914488
P35__P07,P35,P07,714.0490905312857,51.00350646652041
P35__P08,P35,P08,585.2022254670967,41.80015896193548
P35__P09,P35,P09,571.0218241952027,40.7872731568002
P35__P10,P35,P10,589.4522112755634,42.10372937682596
P35__P11,P35,P11,555.1186585914226,39.65133275653018
P35__P12,P35,P12,538.4345618051901,38.45961155751358
P35__P13,P35,P13,424.2738372902654,30.305274092161817
P35__P14,P35,P14,639.2555532624594,45.661110947318534
P35__P15,P35,P15,812.7294912641768,58.05210651886977
P35__P16,P35,P16,100.88014176733716,7.205724411952654
P35__P17,P35,P17,422.18359829384707,30.15597130670336
P35__P18,P35,P18,222.6498569367109,15.903561209765064
P35__P19,P35,P19,673.2442140845941,48.08887243461386
P35__P20,P35,P20,465.0171646815645,33.215511762968895
P35__P21,P35,P21,962.9254574320865,68.78038981657761
P35__P22,P35,P22,533.8420981447207,38.13157843890862
P35__P23,P35,P23,571.9088397283758,40.8506314091697
P35__P24,P35,P24,631.6062684699198,45.114733462137124
P35__P25,P35,P25,908.6272609105052,64.90194720789323
P35__P26,P35,P26,971.2780092936761,69.37700066383401
P35__P27,P35,P27,1007.6487850566004,71.97491321832861
P35__P28,P35,P28,484.52848661459336,34.6091776153281
P35__P29,P35,P29,743.2014756452506,53.08581968894647
P35__P30,P35,P30,852.4428294175461,60.888773529824725
P35__P31,P35,P31,794.4193621851086,56.74424015607919
P35__P32,P35,P32,133.4308629369397,9.53077592406712
P35__P33,P35,P33,585.2022254670967,41.80015896193548
P35__P34,P35,P34,170.4607694129309,12.175769243780778
P35__P36,P35,P36,765.768825687512,54.69777326339372
P35__P37,P35,P37,775.3795679992244,55.384254857087456
P35__P38,P35,P38,583.7124802783935,41.69374859131382
P35__P39,P35,P39,741.4607360711689,52.96148114794063
P35__P40,P35,P40,571.222201387485,40.80158581339179
P36__P01,P36,P01,1596.4781586194433,114.0341541871031
P36__P02,P36,P02,1028.5954629521957,73.47110449658541
P36__P03,P36,P03,926.6376675228187,66.18840482305848
P36__P04,P36,P04,827.7573954654813,59.125528247534376
P36__P05,P36,P05,942.6869684439635,67.3347834602831
P36__P06,P36,P06,1183.0138069313164,84.50098620937975
P36__P07,P36,P07,1385.8865732154916,98.99189808682083
P36__P08,P36,P08,1137.08637271719,81.220455194085
P36__P09,P36,P09,645.3599447117869,46.09713890798478
P36__P10,P36,P10,210.69310027498761,15.049507162499115
P36__P11,P36,P11,1075.2342909687566,76.80244935491119
P36__P12,P36,P12,1098.1274700056267,78.43767642897333
P36__P13,P36,P13,1087.0683598565286,77.64773998975204
P36__P14,P36,P14,1290.0717599329587,92.14798285235419
P36__P15,P36,P15,256.75536516693745,18.33966894049553
P36__P16,P36,P16,684.9344754646804,48.92389110462003
P36__P17,P36,P17,981.8765064942836,70.13403617816311
P36__P18,P36,P18,735.5897768421311,52.54212691729508
P36__P19,P36,P19,1247.636604681055,89.11690033436106
P36__P20,P36,P20,341.67055185826194,24.40503941844728
P36__P21,P36,P21,1644.2947007078424,117.4496214791316
P36__P22,P36,P22,608.1802186613049,43.44144419009321
P36__P23,P36,P23,300.14633914712493,21.43902422479464
P36__P24,P36,P24,1194.3453729172704,85.31038377980504
P36__P25,P36,P25,542.1773375926972,38.72695268519266
P36__P26,P36,P26,1652.6472525694319,118.046232326388
P36__P27,P36,P27,521.4237314615114,37.24455224725081
P36__P28,P36,P28,555.3950898858023,39.67107784898588
P36__P29,P36,P29,817.5395961618348,58.395685440131054
P36__P30,P36,P30,926.7809499341303,66.1986392810093
P36__P31,P36,P31,868.7574827016928,62.05410590726377
P36__P32,P36,P32,761.987931895664,54.427709421118855
P36__P33,P36,P33,1137.08637271719,81.220455194085
P36__P34,P36,P34,626.3306737262715,44.73790526616225
P36__P35,P36,P35,765.7688256875122,54.69777326339373
P36__P37,P36,P37,849.7176885158085,60.69412060827204
P36__P38,P36,P38,1143.4053884788302,81.67181346277359
P36__P39,P36,P39,1413.2982187553753,100.9498727682411
P36__P40,P36,P40,1252.591444663241,89.47081747594578
P37__P01,P37,P01,1574.7958393226838,112.48541709447741
P37__P02,P37,P02,1006.9131436554362,71.92236740395973
P37__P03,P37,P03,160.26817867558836,11.447727048256311
P37__P04,P37,P04,45.46507196084823,3.247505140060588
P37__P05,P37,P05,921.004649147204,65.78604636765742
P37__P06,P37,P06,1161.3314876345569,82.95224911675406
P37__P07,P37,P07,1364.204253918732,97.44316099419515
P37__P08,P37,P08,1115.4040534204305,79.67171810145932
P37__P09,P37,P09,241.84621117874812,17.27472936991058
P37__P10,P37,P10,645.6379310683088,46.116995076307774
P37__P11,P37,P11,1053.5519716719973,75.25371226228552
P37__P12,P37,P12,1076.4451507088672,76.88893933634766
P37__P13,P37,P13,1065.386040559769,76.09900289712637
P37__P14,P37,P14,1268.3894406361992,90.59924575972852
P37__P15,P37,P15,894.6698670231348,63.904990501652485
P37__P16,P37,P16,694.5452177763925,49.61037269831375
P37__P17,P37,P17,960.1941871975241,68.58529908553744
P37__P18,P37,P18,713.9074575453716,50.9933898246694
P37__P19,P37,P19,1225.9542853842954,87.56816324173539
P37__P20,P37,P20,531.7723561996476,37.983739728546254
P37__P21,P37,P21,1622.6123814110829,115.90088438650592
P37__P22,P37,P22,264.19671504825703,18.87119393201836
P37__P23,P37,P23,760.2117180508903,54.300837003635024
P37__P24,P37,P24,1172.663053620511,83.76164668717935
P37__P25,P37,P25,1146.2806463508848,81.8771890250632
P37__P26,P37,P26,1630.9649332726724,116.49749523376231
P37__P27,P37,P27,1159.0317011659058,82.78797865470756
P37__P28,P37,P28,329.4978537460495,23.535560981860677
P37__P29,P37,P29,128.51900029998689,9.179928592856205
P37__P30,P37,P30,160.41146108689998,11.457961506207141
P37__P31,P37,P31,102.38799385446254,7.31342813246161
P37__P32,P37,P32,762.9572790193481,54.49694850138201
P37__P33,P37,P33,1115.4040534204305,79.67171810145932
P37__P34,P37,P34,607.8087043510668,43.41490745364763
P37__P35,P37,P35,775.3795679992242,55.38425485708744
P37__P36,P37,P36,849.717688515808,60.694120608272
P37__P38,P37,P38,1121.7230691820707,80.12307637014791
P37__P39,P37,P39,1391.6158994586158,99.40113567561541
P37__P40,P37,P40,1230.9091253664815,87.92208038332011
P38__P01,P38,P01,642.680134409414,45.90572388638672
P38__P02,P38,P02,184.45746972837782,13.175533552026987
P38__P03,P38,P03,1198.6430481890802,85.6173605849343
P38__P04,P38,P04,1099.762776131743,78.55448400941022
P38__P05,P38,P05,346.7889477332131,24.770639123800937
P38__P06,P38,P06,143.9925263862265,10.285180456159036
P38__P07,P38,P07,350.83336545123694,25.05952610365978
P38__P08,P38,P08,86.2888510738148,6.163489362415342
P38__P09,P38,P09,917.365325378049,65.52609466986064
P38__P10,P38,P10,939.3256310313307,67.09468793080933
P38__P11,P38,P11,188.73621811702625,13.481158436930446
P38__P12,P38,P12,129.07414823588041,9.219582016848602
P38__P13,P38,P13,192.60159691424423,13.757256922446016
P38__P14,P38,P14,193.28866817101778,13.806333440786984
P38__P15,P38,P15,1188.3575669861568,84.88268335615406
P38__P16,P38,P16,621.167924753411,44.3691374823865
P38__P17,P38,P17,177.9526202372168,12.710901445515486
P38__P18,P38,P18,440.4611143201762,31.461508165726872
P38__P19,P38,P19,104.2312162022246,7.445086871587471
P38__P20,P38,P20,814.8905844373318,58.20647031695227
P38__P21,P38,P21,697.8038112618017,49.84312937584298
P38__P22,P38,P22,880.1855993275669,62.87039995196907
P38__P23,P38,P23,996.4071248109085,71.17193748649346
P38__P24,P38,P24,50.939984438440305,3.6385703170314505
P38__P25,P38,P25,1370.3008298902078,97.87863070644342
P38__P26,P38,P26,706.1563631233912,50.43974022309937
P38__P27,P38,P27,1431.0929573738017,102.22092552670013
P38__P28,P38,P28,830.8719877974395,59.34799912838854
P38__P29,P38,P29,1089.5449768280969,77.82464120200692
P38__P30,P38,P30,1198.7863306003917,85.62759504288512
P38__P31,P38,P31,1140.7628633679547,81.48306166913962
P38__P32,P38,P32,534.3762507418421,38.16973219584587
P38__P33,P38,P33,86.2888510738148,6.163489362415342
P38__P34,P38,P34,602.8620330525345,43.06157378946675
P38__P35,P38,P35,583.7124802783935,41.69374859131382
P38__P36,P38,P36,1143.4053884788298,81.67181346277356
P38__P37,P38,P37,1121.7230691820703,80.12307637014787
P38__P39,P38,P39,408.9379020650044,29.209850147500312
P38__P40,P38,P40,401.2340600270547,28.659575716218193
P39__P01,P39,P01,271.1592544010205,19.368518171501467
P39__P02,P39,P02,584.4673123165933,41.74766516547095
P39__P03,P39,P03,1468.5358784656255,104.89541989040183
P39__P04,P39,P04,1369.6556064082883,97.83254331487774
P39__P05,P39,P05,487.36863461385923,34.81204532956137
P39__P06,P39,P06,552.9304284512308,39.495030603659345
P39__P07,P39,P07,107.61793799329392,7.686995570949565
P39__P08,P39,P08,495.2267531388191,35.37333950991565
P39__P09,P39,P09,1187.2581556545938,84.80415397532813
P39__P10,P39,P10,1209.218461307876,86.37274723627685
P39__P11,P39,P11,597.6741201820306,42.691008584430755
P39__P12,P39,P12,526.1993134107198,37.58566524362284
P39__P13,P39,P13,451.31396501017696,32.23671178644121
P39__P14,P39,P14,247.71767357641588,17.69411954117256
P39__P15,P39,P15,1458.2503972627023,104.1607426616216
P39__P16,P39,P16,781.1566822417647,55.79690587441176
P39__P17,P39,P17,508.30071002938223,36.3071935735273
P39__P18,P39,P18,677.7084419132439,48.40774585094599
P39__P19,P39,P19,389.9951367300738,27.85679548071956
P39__P20,P39,P20,1084.7834147138767,77.48452962241977
P39__P21,P39,P21,326.2829312534081,23.30592366095772
P39__P22,P39,P22,1150.078429604112,82.14845925743657
P39__P23,P39,P23,1241.3860475985496,88.67043197132497
P39__P24,P39,P24,413.0683074077871,29.50487910055622
P39__P25,P39,P25,1586.1802186170219,113.29858704407299
P39__P26,P39,P26,334.6354831149977,23.902534508214124
P39__P27,P39,P27,1677.1259929267744,119.79471378048389
P39__P28,P39,P28,1100.764818073985,78.62605843385607
P39__P29,P39,P29,1359.437807104642,97.10270050747442
P39__P30,P39,P30,1468.679160876937,104.90565434835264
P39__P31,P39,P31,1410.6556936445,100.76112097460714
P39__P32,P39,P32,707.2382011886823,50.51701437062017
P39__P33,P39,P33,495.2267531388191,35.37333950991565
P39__P34,P39,P34,829.2112263493689,59.2293733106692
P39__P35,P39,P35,741.4607360711688,52.961481147940624
P39__P36,P39,P36,1413.2982187553748,100.94987276824106
P39__P37,P39,P37,1391.6158994586156,99.4011356756154
P39__P38,P39,P38,408.93790206500427,29.209850147500305
P39__P40,P39,P40,227.24229908925582,16.231592792089703
P40__P01,P40,P01,391.92372049622804,27.99455146401629
P40__P02,P40,P02,528.8775036543097,37.77696454673641
P40__P03,P40,P03,1307.8291043734916,93.41636459810654
P40__P04,P40,P04,1208.9488323161545,86.35348802258247
P40__P05,P40,P05,344.1374188821548,24.5812442058682
P40__P06,P40,P06,527.1415830703743,37.65297021931245
P40__P07,P40,P07,234.96278139663912,16.78305581404565
P40__P08,P40,P08,475.7086391694426,33.97918851210304
P40__P09,P40,P09,1026.5513815624602,73.32509868303286
P40__P10,P40,P10,1048.5116872157419,74.89369194398157
P40__P11,P40,P11,549.9961073977919,39.28543624269942
P40__P12,P40,P12,468.8175410260185,33.48696721614418
P40__P13,P40,P13,371.66008844676554,26.54714917476897
P40__P14,P40,P14,281.85979105347434,20.13284221810531
P40__P15,P40,P15,1297.5436231705683,92.6816873693263
P40__P16,P40,P16,610.9181475580808,43.637010539862914
P40__P17,P40,P17,428.6468334659708,30.61763096185506
P40__P18,P40,P18,517.00166782111,36.928690558650715
P40__P19,P40,P19,422.1162855712259,30.151163255087564
P40__P20,P40,P20,924.0766406217429,66.00547433012449
P40__P21,P40,P21,439.7402625846273,31.41001875604481
P40__P22,P40,P22,989.3716555119781,70.6694039651413
P40__P23,P40,P23,1071.1475129148657,76.51053663677612
P40__P24,P40,P24,422.0555469118362,30.14682477941687
P40__P25,P40,P25,1415.9416839333378,101.13869170952412
P40__P26,P40,P26,448.09281444621695,32.006629603301214
P40__P27,P40,P27,1506.8874582430904,107.63481844593503
P40__P28,P40,P28,940.0580439818507,67.14700314156076
P40__P29,P40,P29,1198.731033012508,85.62364521517915
P40__P30,P40,P30,1307.9723867848031,93.42659905605737
P40__P31,P40,P31,1249.948919552366,89.28206568231187
P40__P32,P40,P32,538.8303739973577,38.48788385695412
P40__P33,P40,P33,475.7086391694426,33.97918851210304
P40__P34,P40,P34,658.9726916656851,47.06947797612037
P40__P35,P40,P35,571.222201387485,40.80158581339179
P40__P36,P40,P36,1252.5914446632407,89.47081747594576
P40__P37,P40,P37,1230.9091253664817,87.92208038332012
P40__P38,P40,P38,401.2340600270547,28.659575716218193
P40__P39,P40,P39,227.2422990892558,16.2315927920897
